#
# There is insufficient memory for the Java Runtime Environment to continue.
# Native memory allocation (malloc) failed to allocate 1242896 bytes. Error detail: Chunk::new
# Possible reasons:
#   The system is out of physical RAM or swap space
#   This process is running with CompressedOops enabled, and the Java Heap may be blocking the growth of the native heap
# Possible solutions:
#   Reduce memory load on the system
#   Increase physical memory or swap space
#   Check if swap backing store is full
#   Decrease Java heap size (-Xmx/-Xms)
#   Decrease number of Java threads
#   Decrease Java thread stack sizes (-Xss)
#   Set larger code cache with -XX:ReservedCodeCacheSize=
#   JVM is running with Unscaled Compressed Oops mode in which the Java heap is
#     placed in the first 4GB address space. The Java Heap base address is the
#     maximum limit for the native heap growth. Please use -XX:HeapBaseMinAddress
#     to set the Java Heap base and to place the Java Heap above 4GB virtual address.
# This output file may be truncated or incomplete.
#
#  Out of Memory Error (arena.cpp:168), pid=19304, tid=3448
#
# JRE version: OpenJDK Runtime Environment (21.0.6) (build 21.0.6+-13368085-b895.109)
# Java VM: OpenJDK 64-Bit Server VM (21.0.6+-13368085-b895.109, mixed mode, tiered, compressed oops, compressed class ptrs, g1 gc, windows-amd64)
# No core dump will be written. Minidumps are not enabled by default on client versions of Windows
#

---------------  S U M M A R Y ------------

Command Line: --add-opens=java.base/java.lang=ALL-UNNAMED --add-opens=java.base/java.lang.invoke=ALL-UNNAMED --add-opens=java.base/java.util=ALL-UNNAMED --add-opens=java.prefs/java.util.prefs=ALL-UNNAMED --add-exports=jdk.compiler/com.sun.tools.javac.api=ALL-UNNAMED --add-exports=jdk.compiler/com.sun.tools.javac.util=ALL-UNNAMED --add-opens=java.base/java.util=ALL-UNNAMED --add-opens=java.prefs/java.util.prefs=ALL-UNNAMED --add-opens=java.base/java.nio.charset=ALL-UNNAMED --add-opens=java.base/java.net=ALL-UNNAMED --add-opens=java.base/java.util.concurrent.atomic=ALL-UNNAMED --add-opens=java.xml/javax.xml.namespace=ALL-UNNAMED -Xmx2048m -Dfile.encoding=UTF-8 -Duser.country=VN -Duser.language=vi -Duser.variant -javaagent:C:\Users\quy14\.gradle\wrapper\dists\gradle-8.11.1-bin\bpt9gzteqjrbo1mjrsomdt32c\gradle-8.11.1\lib\agents\gradle-instrumentation-agent-8.11.1.jar org.gradle.launcher.daemon.bootstrap.GradleDaemon 8.11.1

Host: AMD Ryzen 5 5600H with Radeon Graphics         , 12 cores, 15G,  Windows 11 , 64 bit Build 26100 (10.0.26100.7309)
Time: Thu Dec  4 16:06:12 2025 SE Asia Standard Time elapsed time: 4273.294193 seconds (0d 1h 11m 13s)

---------------  T H R E A D  ---------------

Current thread (0x00000162ba481b40):  JavaThread "C2 CompilerThread0" daemon [_thread_in_native, id=3448, stack(0x0000001304900000,0x0000001304a00000) (1024K)]


Current CompileTask:
C2:4273294 40366       4       org.gradle.api.internal.tasks.compile.incremental.deps.ClassSetAnalysisData::getChangedClassesSince (219 bytes)

Stack: [0x0000001304900000,0x0000001304a00000]
Native frames: (J=compiled Java code, j=interpreted, Vv=VM code, C=native code)
V  [jvm.dll+0x6d0639]
V  [jvm.dll+0x85eb03]
V  [jvm.dll+0x86105e]
V  [jvm.dll+0x861743]
V  [jvm.dll+0x27e6e6]
V  [jvm.dll+0xbff6d]
V  [jvm.dll+0xc04a3]
V  [jvm.dll+0x3b6171]
V  [jvm.dll+0x3820c7]
V  [jvm.dll+0x38153a]
V  [jvm.dll+0x247c82]
V  [jvm.dll+0x247251]
V  [jvm.dll+0x1c5f04]
V  [jvm.dll+0x2569ac]
V  [jvm.dll+0x254ef6]
V  [jvm.dll+0x3f0e96]
V  [jvm.dll+0x806ed8]
V  [jvm.dll+0x6cef0d]
C  [ucrtbase.dll+0x37b0]
C  [KERNEL32.DLL+0x2e8d7]
C  [ntdll.dll+0x8c53c]


---------------  P R O C E S S  ---------------

Threads class SMR info:
_java_thread_list=0x00000162c0104260, length=110, elements={
0x00000162a281c3e0, 0x00000162ba450590, 0x00000162ba455b70, 0x00000162ba473100,
0x00000162ba46f850, 0x00000162ba470a20, 0x00000162ba471fe0, 0x00000162ba481b40,
0x00000162ba48fcc0, 0x00000162ba2e1430, 0x00000162bf0345d0, 0x00000162c0a10740,
0x00000162c0887920, 0x00000162c0cf4390, 0x00000162c0cd0ad0, 0x00000162c0cd17f0,
0x00000162c0cd1160, 0x00000162c0cd1e80, 0x00000162c0ccf090, 0x00000162c227ae80,
0x00000162c2379830, 0x00000162bfd5dea0, 0x00000162c1398490, 0x00000162c5f46700,
0x00000162c5f44cc0, 0x00000162c5f46d90, 0x00000162cb536aa0, 0x00000162cb5377c0,
0x00000162cb536410, 0x00000162cb5356f0, 0x00000162cb537e50, 0x00000162c5000130,
0x00000162c334fa80, 0x00000162c334d9b0, 0x00000162c50007c0, 0x00000162c5000e50,
0x00000162c6c117f0, 0x00000162c6c0fdb0, 0x00000162c6c0f720, 0x00000162c6c10440,
0x00000162cb5349d0, 0x00000162cb535d80, 0x00000162cb535060, 0x00000162c1b4b250,
0x00000162c1b4a530, 0x00000162bf3faf20, 0x00000162c13963c0, 0x00000162c5f43910,
0x00000162c5f47420, 0x00000162c5f45350, 0x00000162c5f46070, 0x00000162c5f43fa0,
0x00000162c5f48e60, 0x00000162c5f47ab0, 0x00000162c5f487d0, 0x00000162c5f459e0,
0x00000162d222e770, 0x00000162d2230840, 0x00000162cb2e7a00, 0x00000162cb2e7370,
0x00000162cb2e8720, 0x00000162cb2e8090, 0x00000162cb2e6ce0, 0x00000162cb2e8db0,
0x00000162cb2e9ad0, 0x00000162bf3fc2d0, 0x00000162bf3fc960, 0x00000162bf3fcff0,
0x00000162bf3fb5b0, 0x00000162cb95e620, 0x00000162cb95d270, 0x00000162cb95d900,
0x00000162d1de86f0, 0x00000162d1de8d80, 0x00000162d1de8060, 0x00000162d1de9410,
0x00000162c64d3d30, 0x00000162c64d4a50, 0x00000162c64d5e00, 0x00000162c64d43c0,
0x00000162c64d36a0, 0x00000162c1395d30, 0x00000162c13970e0, 0x00000162c1396a50,
0x00000162c1cfb080, 0x00000162c1cf8920, 0x00000162c13956a0, 0x00000162c64d6490,
0x00000162c64d50e0, 0x00000162c64d3010, 0x00000162c64d5770, 0x00000162c3fe36c0,
0x00000162c3fe3d50, 0x00000162c3fe5e20, 0x00000162c3fe5790, 0x00000162c3fe4a70,
0x00000162c3fe43e0, 0x00000162c3fe5100, 0x00000162c3fe64b0, 0x00000162c3fe3030,
0x00000162c1d2dfb0, 0x00000162c1d2e640, 0x00000162c1d2d290, 0x00000162c1d2d920,
0x00000162c3fea4c0, 0x00000162c3fe9110, 0x00000162c3fe7040, 0x00000162c3fe76d0,
0x00000162c3fe97a0, 0x00000162c3fe9e30
}

Java Threads: ( => current thread )
  0x00000162a281c3e0 JavaThread "main"                              [_thread_blocked, id=1892, stack(0x0000001303b00000,0x0000001303c00000) (1024K)]
  0x00000162ba450590 JavaThread "Reference Handler"          daemon [_thread_blocked, id=5968, stack(0x0000001304300000,0x0000001304400000) (1024K)]
  0x00000162ba455b70 JavaThread "Finalizer"                  daemon [_thread_blocked, id=5440, stack(0x0000001304400000,0x0000001304500000) (1024K)]
  0x00000162ba473100 JavaThread "Signal Dispatcher"          daemon [_thread_blocked, id=11832, stack(0x0000001304500000,0x0000001304600000) (1024K)]
  0x00000162ba46f850 JavaThread "Attach Listener"            daemon [_thread_blocked, id=7644, stack(0x0000001304600000,0x0000001304700000) (1024K)]
  0x00000162ba470a20 JavaThread "Service Thread"             daemon [_thread_blocked, id=18656, stack(0x0000001304700000,0x0000001304800000) (1024K)]
  0x00000162ba471fe0 JavaThread "Monitor Deflation Thread"   daemon [_thread_blocked, id=15516, stack(0x0000001304800000,0x0000001304900000) (1024K)]
=>0x00000162ba481b40 JavaThread "C2 CompilerThread0"         daemon [_thread_in_native, id=3448, stack(0x0000001304900000,0x0000001304a00000) (1024K)]
  0x00000162ba48fcc0 JavaThread "C1 CompilerThread0"         daemon [_thread_blocked, id=2996, stack(0x0000001304a00000,0x0000001304b00000) (1024K)]
  0x00000162ba2e1430 JavaThread "Common-Cleaner"             daemon [_thread_blocked, id=2012, stack(0x0000001304b00000,0x0000001304c00000) (1024K)]
  0x00000162bf0345d0 JavaThread "Notification Thread"        daemon [_thread_blocked, id=5992, stack(0x0000001304c00000,0x0000001304d00000) (1024K)]
  0x00000162c0a10740 JavaThread "Daemon health stats"               [_thread_blocked, id=20868, stack(0x0000001305400000,0x0000001305500000) (1024K)]
  0x00000162c0887920 JavaThread "Incoming local TCP Connector on port 64801"        [_thread_in_native, id=20872, stack(0x0000001305500000,0x0000001305600000) (1024K)]
  0x00000162c0cf4390 JavaThread "Daemon periodic checks"            [_thread_blocked, id=20876, stack(0x0000001305600000,0x0000001305700000) (1024K)]
  0x00000162c0cd0ad0 JavaThread "Cache worker for journal cache (C:\Users\quy14\.gradle\caches\journal-1)"        [_thread_blocked, id=20944, stack(0x0000001306300000,0x0000001306400000) (1024K)]
  0x00000162c0cd17f0 JavaThread "File lock request listener"        [_thread_in_native, id=20948, stack(0x0000001306400000,0x0000001306500000) (1024K)]
  0x00000162c0cd1160 JavaThread "Cache worker for file hash cache (C:\Users\quy14\.gradle\caches\8.11.1\fileHashes)"        [_thread_blocked, id=20952, stack(0x0000001306500000,0x0000001306600000) (1024K)]
  0x00000162c0cd1e80 JavaThread "Cache worker for file content cache (C:\Users\quy14\.gradle\caches\8.11.1\fileContent)"        [_thread_blocked, id=21152, stack(0x0000001306600000,0x0000001306700000) (1024K)]
  0x00000162c0ccf090 JavaThread "File watcher server"        daemon [_thread_in_native, id=21224, stack(0x0000001306a00000,0x0000001306b00000) (1024K)]
  0x00000162c227ae80 JavaThread "File watcher consumer"      daemon [_thread_blocked, id=21228, stack(0x0000001306b00000,0x0000001306c00000) (1024K)]
  0x00000162c2379830 JavaThread "Memory manager"                    [_thread_blocked, id=21472, stack(0x0000001309100000,0x0000001309200000) (1024K)]
  0x00000162bfd5dea0 JavaThread "Cache worker for Java compile cache (C:\Users\quy14\.gradle\caches\8.11.1\javaCompile)"        [_thread_blocked, id=20556, stack(0x000000130b100000,0x000000130b200000) (1024K)]
  0x00000162c1398490 JavaThread "Daemon Thread 10"                  [_thread_blocked, id=18760, stack(0x0000001303800000,0x0000001303900000) (1024K)]
  0x00000162c5f46700 JavaThread "Handler for socket connection from /127.0.0.1:64801 to /127.0.0.1:58437"        [_thread_in_native, id=19432, stack(0x0000001303900000,0x0000001303a00000) (1024K)]
  0x00000162c5f44cc0 JavaThread "Cancel handler"                    [_thread_blocked, id=11992, stack(0x0000001303a00000,0x0000001303b00000) (1024K)]
  0x00000162c5f46d90 JavaThread "Daemon worker Thread 10"           [_thread_blocked, id=9388, stack(0x0000001304d00000,0x0000001304e00000) (1024K)]
  0x00000162cb536aa0 JavaThread "Asynchronous log dispatcher for DefaultDaemonConnection: socket connection from /127.0.0.1:64801 to /127.0.0.1:58437"        [_thread_blocked, id=17368, stack(0x0000001305700000,0x0000001305800000) (1024K)]
  0x00000162cb5377c0 JavaThread "Stdin handler"                     [_thread_blocked, id=17672, stack(0x0000001305800000,0x0000001305900000) (1024K)]
  0x00000162cb536410 JavaThread "Daemon client event forwarder"        [_thread_blocked, id=15072, stack(0x0000001305900000,0x0000001305a00000) (1024K)]
  0x00000162cb5356f0 JavaThread "Cache worker for file hash cache (C:\Users\quy14\Desktop\datn\.gradle\8.11.1\fileHashes)"        [_thread_blocked, id=20292, stack(0x0000001305a00000,0x0000001305b00000) (1024K)]
  0x00000162cb537e50 JavaThread "Cache worker for Build Output Cleanup Cache (C:\Users\quy14\Desktop\datn\.gradle\buildOutputCleanup)"        [_thread_blocked, id=20224, stack(0x0000001305b00000,0x0000001305c00000) (1024K)]
  0x00000162c5000130 JavaThread "Cache worker for checksums cache (C:\Users\quy14\Desktop\datn\.gradle\8.11.1\checksums)"        [_thread_blocked, id=18164, stack(0x0000001305c00000,0x0000001305d00000) (1024K)]
  0x00000162c334fa80 JavaThread "Cache worker for cache directory md-rule (C:\Users\quy14\.gradle\caches\8.11.1\md-rule)"        [_thread_blocked, id=5428, stack(0x0000001305d00000,0x0000001305e00000) (1024K)]
  0x00000162c334d9b0 JavaThread "Cache worker for cache directory md-supplier (C:\Users\quy14\.gradle\caches\8.11.1\md-supplier)"        [_thread_blocked, id=20280, stack(0x0000001306700000,0x0000001306800000) (1024K)]
  0x00000162c50007c0 JavaThread "Unconstrained build operations"        [_thread_blocked, id=8188, stack(0x0000001306800000,0x0000001306900000) (1024K)]
  0x00000162c5000e50 JavaThread "Unconstrained build operations Thread 2"        [_thread_blocked, id=12652, stack(0x0000001306900000,0x0000001306a00000) (1024K)]
  0x00000162c6c117f0 JavaThread "Unconstrained build operations Thread 3"        [_thread_blocked, id=23124, stack(0x0000001306c00000,0x0000001306d00000) (1024K)]
  0x00000162c6c0fdb0 JavaThread "Unconstrained build operations Thread 4"        [_thread_blocked, id=21816, stack(0x0000001306d00000,0x0000001306e00000) (1024K)]
  0x00000162c6c0f720 JavaThread "Unconstrained build operations Thread 5"        [_thread_blocked, id=22104, stack(0x0000001306e00000,0x0000001306f00000) (1024K)]
  0x00000162c6c10440 JavaThread "Unconstrained build operations Thread 6"        [_thread_blocked, id=24536, stack(0x0000001306f00000,0x0000001307000000) (1024K)]
  0x00000162cb5349d0 JavaThread "Unconstrained build operations Thread 7"        [_thread_blocked, id=6388, stack(0x0000001307000000,0x0000001307100000) (1024K)]
  0x00000162cb535d80 JavaThread "Unconstrained build operations Thread 8"        [_thread_blocked, id=4956, stack(0x0000001307100000,0x0000001307200000) (1024K)]
  0x00000162cb535060 JavaThread "Unconstrained build operations Thread 9"        [_thread_blocked, id=13860, stack(0x0000001307200000,0x0000001307300000) (1024K)]
  0x00000162c1b4b250 JavaThread "Unconstrained build operations Thread 10"        [_thread_blocked, id=4968, stack(0x0000001307300000,0x0000001307400000) (1024K)]
  0x00000162c1b4a530 JavaThread "Unconstrained build operations Thread 11"        [_thread_blocked, id=12804, stack(0x0000001307400000,0x0000001307500000) (1024K)]
  0x00000162bf3faf20 JavaThread "Unconstrained build operations Thread 12"        [_thread_blocked, id=6736, stack(0x0000001307500000,0x0000001307600000) (1024K)]
  0x00000162c13963c0 JavaThread "Unconstrained build operations Thread 13"        [_thread_blocked, id=2972, stack(0x0000001307600000,0x0000001307700000) (1024K)]
  0x00000162c5f43910 JavaThread "Unconstrained build operations Thread 14"        [_thread_blocked, id=1972, stack(0x0000001307700000,0x0000001307800000) (1024K)]
  0x00000162c5f47420 JavaThread "Unconstrained build operations Thread 15"        [_thread_blocked, id=8284, stack(0x0000001307800000,0x0000001307900000) (1024K)]
  0x00000162c5f45350 JavaThread "Unconstrained build operations Thread 16"        [_thread_blocked, id=14960, stack(0x0000001307900000,0x0000001307a00000) (1024K)]
  0x00000162c5f46070 JavaThread "Unconstrained build operations Thread 17"        [_thread_blocked, id=5784, stack(0x0000001307a00000,0x0000001307b00000) (1024K)]
  0x00000162c5f43fa0 JavaThread "Unconstrained build operations Thread 18"        [_thread_blocked, id=14808, stack(0x0000001307b00000,0x0000001307c00000) (1024K)]
  0x00000162c5f48e60 JavaThread "Unconstrained build operations Thread 19"        [_thread_blocked, id=10624, stack(0x0000001307c00000,0x0000001307d00000) (1024K)]
  0x00000162c5f47ab0 JavaThread "Unconstrained build operations Thread 20"        [_thread_blocked, id=22156, stack(0x0000001307d00000,0x0000001307e00000) (1024K)]
  0x00000162c5f487d0 JavaThread "Unconstrained build operations Thread 21"        [_thread_blocked, id=15388, stack(0x0000001307e00000,0x0000001307f00000) (1024K)]
  0x00000162c5f459e0 JavaThread "Unconstrained build operations Thread 22"        [_thread_blocked, id=7284, stack(0x0000001307f00000,0x0000001308000000) (1024K)]
  0x00000162d222e770 JavaThread "build event listener"              [_thread_blocked, id=15336, stack(0x0000001308000000,0x0000001308100000) (1024K)]
  0x00000162d2230840 JavaThread "included builds"                   [_thread_blocked, id=22748, stack(0x0000001308100000,0x0000001308200000) (1024K)]
  0x00000162cb2e7a00 JavaThread "Execution worker"                  [_thread_in_native, id=9112, stack(0x0000001308200000,0x0000001308300000) (1024K)]
  0x00000162cb2e7370 JavaThread "Execution worker Thread 2"         [_thread_blocked, id=18272, stack(0x0000001308300000,0x0000001308400000) (1024K)]
  0x00000162cb2e8720 JavaThread "Execution worker Thread 3"         [_thread_blocked, id=14736, stack(0x0000001308400000,0x0000001308500000) (1024K)]
  0x00000162cb2e8090 JavaThread "Execution worker Thread 4"         [_thread_blocked, id=24140, stack(0x0000001308500000,0x0000001308600000) (1024K)]
  0x00000162cb2e6ce0 JavaThread "Execution worker Thread 5"         [_thread_blocked, id=23208, stack(0x0000001308600000,0x0000001308700000) (1024K)]
  0x00000162cb2e8db0 JavaThread "Execution worker Thread 6"         [_thread_blocked, id=4672, stack(0x0000001308700000,0x0000001308800000) (1024K)]
  0x00000162cb2e9ad0 JavaThread "Execution worker Thread 7"         [_thread_blocked, id=24424, stack(0x0000001308800000,0x0000001308900000) (1024K)]
  0x00000162bf3fc2d0 JavaThread "Execution worker Thread 8"         [_thread_blocked, id=23076, stack(0x0000001308900000,0x0000001308a00000) (1024K)]
  0x00000162bf3fc960 JavaThread "Execution worker Thread 9"         [_thread_blocked, id=19820, stack(0x0000001308a00000,0x0000001308b00000) (1024K)]
  0x00000162bf3fcff0 JavaThread "Execution worker Thread 10"        [_thread_blocked, id=11316, stack(0x0000001308b00000,0x0000001308c00000) (1024K)]
  0x00000162bf3fb5b0 JavaThread "Execution worker Thread 11"        [_thread_blocked, id=12904, stack(0x0000001308c00000,0x0000001308d00000) (1024K)]
  0x00000162cb95e620 JavaThread "Cache worker for execution history cache (C:\Users\quy14\Desktop\datn\.gradle\8.11.1\executionHistory)"        [_thread_blocked, id=5104, stack(0x0000001308d00000,0x0000001308e00000) (1024K)]
  0x00000162cb95d270 JavaThread "Unconstrained build operations Thread 23"        [_thread_blocked, id=19780, stack(0x0000001308e00000,0x0000001308f00000) (1024K)]
  0x00000162cb95d900 JavaThread "Unconstrained build operations Thread 24"        [_thread_blocked, id=24192, stack(0x0000001308f00000,0x0000001309000000) (1024K)]
  0x00000162d1de86f0 JavaThread "Unconstrained build operations Thread 25"        [_thread_blocked, id=3048, stack(0x0000001309000000,0x0000001309100000) (1024K)]
  0x00000162d1de8d80 JavaThread "Unconstrained build operations Thread 26"        [_thread_blocked, id=8732, stack(0x0000001309200000,0x0000001309300000) (1024K)]
  0x00000162d1de8060 JavaThread "Unconstrained build operations Thread 27"        [_thread_blocked, id=14584, stack(0x0000001309300000,0x0000001309400000) (1024K)]
  0x00000162d1de9410 JavaThread "Unconstrained build operations Thread 28"        [_thread_blocked, id=22556, stack(0x0000001309400000,0x0000001309500000) (1024K)]
  0x00000162c64d3d30 JavaThread "Unconstrained build operations Thread 29"        [_thread_blocked, id=13424, stack(0x0000001309500000,0x0000001309600000) (1024K)]
  0x00000162c64d4a50 JavaThread "Unconstrained build operations Thread 30"        [_thread_blocked, id=10152, stack(0x0000001309600000,0x0000001309700000) (1024K)]
  0x00000162c64d5e00 JavaThread "Unconstrained build operations Thread 31"        [_thread_blocked, id=16052, stack(0x0000001309700000,0x0000001309800000) (1024K)]
  0x00000162c64d43c0 JavaThread "Unconstrained build operations Thread 32"        [_thread_blocked, id=12448, stack(0x0000001309800000,0x0000001309900000) (1024K)]
  0x00000162c64d36a0 JavaThread "Unconstrained build operations Thread 33"        [_thread_blocked, id=23636, stack(0x0000001309900000,0x0000001309a00000) (1024K)]
  0x00000162c1395d30 JavaThread "Unconstrained build operations Thread 34"        [_thread_blocked, id=22120, stack(0x0000001309a00000,0x0000001309b00000) (1024K)]
  0x00000162c13970e0 JavaThread "Unconstrained build operations Thread 35"        [_thread_blocked, id=3716, stack(0x0000001309b00000,0x0000001309c00000) (1024K)]
  0x00000162c1396a50 JavaThread "Unconstrained build operations Thread 36"        [_thread_blocked, id=11696, stack(0x0000001309c00000,0x0000001309d00000) (1024K)]
  0x00000162c1cfb080 JavaThread "Unconstrained build operations Thread 37"        [_thread_blocked, id=14536, stack(0x0000001309d00000,0x0000001309e00000) (1024K)]
  0x00000162c1cf8920 JavaThread "Unconstrained build operations Thread 38"        [_thread_blocked, id=10468, stack(0x0000001309e00000,0x0000001309f00000) (1024K)]
  0x00000162c13956a0 JavaThread "Unconstrained build operations Thread 39"        [_thread_blocked, id=22648, stack(0x0000001309f00000,0x000000130a000000) (1024K)]
  0x00000162c64d6490 JavaThread "Unconstrained build operations Thread 40"        [_thread_blocked, id=4216, stack(0x000000130a000000,0x000000130a100000) (1024K)]
  0x00000162c64d50e0 JavaThread "Unconstrained build operations Thread 41"        [_thread_blocked, id=10572, stack(0x000000130a100000,0x000000130a200000) (1024K)]
  0x00000162c64d3010 JavaThread "Unconstrained build operations Thread 42"        [_thread_blocked, id=7556, stack(0x000000130a200000,0x000000130a300000) (1024K)]
  0x00000162c64d5770 JavaThread "Unconstrained build operations Thread 43"        [_thread_blocked, id=12236, stack(0x000000130a300000,0x000000130a400000) (1024K)]
  0x00000162c3fe36c0 JavaThread "Unconstrained build operations Thread 44"        [_thread_blocked, id=19672, stack(0x000000130a400000,0x000000130a500000) (1024K)]
  0x00000162c3fe3d50 JavaThread "Unconstrained build operations Thread 45"        [_thread_blocked, id=13732, stack(0x000000130a500000,0x000000130a600000) (1024K)]
  0x00000162c3fe5e20 JavaThread "Unconstrained build operations Thread 46"        [_thread_blocked, id=23956, stack(0x000000130a600000,0x000000130a700000) (1024K)]
  0x00000162c3fe5790 JavaThread "Unconstrained build operations Thread 47"        [_thread_blocked, id=18996, stack(0x000000130a700000,0x000000130a800000) (1024K)]
  0x00000162c3fe4a70 JavaThread "Unconstrained build operations Thread 48"        [_thread_blocked, id=23412, stack(0x000000130a800000,0x000000130a900000) (1024K)]
  0x00000162c3fe43e0 JavaThread "Unconstrained build operations Thread 49"        [_thread_blocked, id=10064, stack(0x000000130a900000,0x000000130aa00000) (1024K)]
  0x00000162c3fe5100 JavaThread "Unconstrained build operations Thread 50"        [_thread_blocked, id=22132, stack(0x000000130aa00000,0x000000130ab00000) (1024K)]
  0x00000162c3fe64b0 JavaThread "Unconstrained build operations Thread 51"        [_thread_blocked, id=21652, stack(0x000000130ab00000,0x000000130ac00000) (1024K)]
  0x00000162c3fe3030 JavaThread "Build operations"                  [_thread_blocked, id=21696, stack(0x000000130ac00000,0x000000130ad00000) (1024K)]
  0x00000162c1d2dfb0 JavaThread "Build operations Thread 2"         [_thread_blocked, id=22100, stack(0x000000130ad00000,0x000000130ae00000) (1024K)]
  0x00000162c1d2e640 JavaThread "Build operations Thread 3"         [_thread_blocked, id=14172, stack(0x000000130ae00000,0x000000130af00000) (1024K)]
  0x00000162c1d2d290 JavaThread "Build operations Thread 4"         [_thread_blocked, id=18880, stack(0x000000130af00000,0x000000130b000000) (1024K)]
  0x00000162c1d2d920 JavaThread "Build operations Thread 5"         [_thread_blocked, id=2224, stack(0x000000130b000000,0x000000130b100000) (1024K)]
  0x00000162c3fea4c0 JavaThread "Build operations Thread 6"         [_thread_blocked, id=2740, stack(0x000000130b200000,0x000000130b300000) (1024K)]
  0x00000162c3fe9110 JavaThread "Build operations Thread 7"         [_thread_blocked, id=23948, stack(0x000000130b300000,0x000000130b400000) (1024K)]
  0x00000162c3fe7040 JavaThread "Build operations Thread 8"         [_thread_blocked, id=14956, stack(0x000000130b400000,0x000000130b500000) (1024K)]
  0x00000162c3fe76d0 JavaThread "Build operations Thread 9"         [_thread_blocked, id=9516, stack(0x000000130b500000,0x000000130b600000) (1024K)]
  0x00000162c3fe97a0 JavaThread "Build operations Thread 10"        [_thread_blocked, id=9800, stack(0x000000130b600000,0x000000130b700000) (1024K)]
  0x00000162c3fe9e30 JavaThread "Build operations Thread 11"        [_thread_blocked, id=9476, stack(0x000000130b700000,0x000000130b800000) (1024K)]
Total: 110

Other Threads:
  0x00000162ba32a520 VMThread "VM Thread"                           [id=2276, stack(0x0000001304200000,0x0000001304300000) (1024K)]
  0x00000162ba3e09d0 WatcherThread "VM Periodic Task Thread"        [id=3932, stack(0x0000001304100000,0x0000001304200000) (1024K)]
  0x00000162a2874e30 WorkerThread "GC Thread#0"                     [id=12184, stack(0x0000001303c00000,0x0000001303d00000) (1024K)]
  0x00000162bf5f9700 WorkerThread "GC Thread#1"                     [id=20684, stack(0x0000001304f00000,0x0000001305000000) (1024K)]
  0x00000162bf7cca40 WorkerThread "GC Thread#2"                     [id=20688, stack(0x0000001305000000,0x0000001305100000) (1024K)]
  0x00000162bf7ccde0 WorkerThread "GC Thread#3"                     [id=20692, stack(0x0000001305100000,0x0000001305200000) (1024K)]
  0x00000162bf0dc700 WorkerThread "GC Thread#4"                     [id=20696, stack(0x0000001305200000,0x0000001305300000) (1024K)]
  0x00000162c08b4d10 WorkerThread "GC Thread#5"                     [id=20860, stack(0x0000001304e00000,0x0000001304f00000) (1024K)]
  0x00000162c08cdd40 WorkerThread "GC Thread#6"                     [id=20864, stack(0x0000001305300000,0x0000001305400000) (1024K)]
  0x00000162c0a12880 WorkerThread "GC Thread#7"                     [id=20908, stack(0x0000001305e00000,0x0000001305f00000) (1024K)]
  0x00000162c0a112c0 WorkerThread "GC Thread#8"                     [id=20912, stack(0x0000001305f00000,0x0000001306000000) (1024K)]
  0x00000162c0a12140 WorkerThread "GC Thread#9"                     [id=20916, stack(0x0000001306000000,0x0000001306100000) (1024K)]
  0x00000162a2885d20 ConcurrentGCThread "G1 Main Marker"            [id=17796, stack(0x0000001303d00000,0x0000001303e00000) (1024K)]
  0x00000162a2886730 WorkerThread "G1 Conc#0"                       [id=16636, stack(0x0000001303e00000,0x0000001303f00000) (1024K)]
  0x00000162c0a10f20 WorkerThread "G1 Conc#1"                       [id=20920, stack(0x0000001306100000,0x0000001306200000) (1024K)]
  0x00000162c0a11a00 WorkerThread "G1 Conc#2"                       [id=20924, stack(0x0000001306200000,0x0000001306300000) (1024K)]
  0x00000162ba2352d0 ConcurrentGCThread "G1 Refine#0"               [id=17920, stack(0x0000001303f00000,0x0000001304000000) (1024K)]
  0x00000162ba235af0 ConcurrentGCThread "G1 Service"                [id=17312, stack(0x0000001304000000,0x0000001304100000) (1024K)]
Total: 18

Threads with active compile tasks:
C2 CompilerThread0  4273358 40366       4       org.gradle.api.internal.tasks.compile.incremental.deps.ClassSetAnalysisData::getChangedClassesSince (219 bytes)
Total: 1

VM state: not at safepoint (normal execution)

VM Mutex/Monitor currently owned by a thread: None

Heap address: 0x0000000080000000, size: 2048 MB, Compressed Oops mode: 32-bit

CDS archive(s) not mapped
Compressed class space mapped at: 0x0000000100000000-0x0000000140000000, reserved size: 1073741824
Narrow klass base: 0x0000000000000000, Narrow klass shift: 3, Narrow klass range: 0x140000000

GC Precious Log:
 CardTable entry size: 512
 Card Set container configuration: InlinePtr #cards 5 size 8 Array Of Cards #cards 12 size 40 Howl #buckets 4 coarsen threshold 1843 Howl Bitmap #cards 512 size 80 coarsen threshold 460 Card regions per heap region 1 cards per card region 2048
 CPUs: 12 total, 12 available
 Memory: 15754M
 Large Page Support: Disabled
 NUMA Support: Disabled
 Compressed Oops: Enabled (32-bit)
 Heap Region Size: 1M
 Heap Min Capacity: 8M
 Heap Initial Capacity: 248M
 Heap Max Capacity: 2G
 Pre-touch: Disabled
 Parallel Workers: 10
 Concurrent Workers: 3
 Concurrent Refinement Workers: 10
 Periodic GC: Disabled

Heap:
 garbage-first heap   total 520192K, used 324478K [0x0000000080000000, 0x0000000100000000)
  region size 1024K, 124 young (126976K), 5 survivors (5120K)
 Metaspace       used 160322K, committed 164736K, reserved 1245184K
  class space    used 20307K, committed 22208K, reserved 1048576K

Heap Regions: E=young(eden), S=young(survivor), O=old, HS=humongous(starts), HC=humongous(continues), CS=collection set, F=free, TAMS=top-at-mark-start, PB=parsable bottom
|   0|0x0000000080000000, 0x0000000080100000, 0x0000000080100000|100%| O|  |TAMS 0x0000000080000000| PB 0x0000000080000000| Untracked 
|   1|0x0000000080100000, 0x0000000080200000, 0x0000000080200000|100%|HS|  |TAMS 0x0000000080100000| PB 0x0000000080100000| Complete 
|   2|0x0000000080200000, 0x0000000080300000, 0x0000000080300000|100%|HC|  |TAMS 0x0000000080200000| PB 0x0000000080200000| Complete 
|   3|0x0000000080300000, 0x0000000080400000, 0x0000000080400000|100%|HC|  |TAMS 0x0000000080300000| PB 0x0000000080300000| Complete 
|   4|0x0000000080400000, 0x0000000080500000, 0x0000000080500000|100%| O|  |TAMS 0x0000000080400000| PB 0x0000000080400000| Untracked 
|   5|0x0000000080500000, 0x0000000080600000, 0x0000000080600000|100%| O|  |TAMS 0x0000000080500000| PB 0x0000000080500000| Untracked 
|   6|0x0000000080600000, 0x0000000080700000, 0x0000000080700000|100%| O|  |TAMS 0x0000000080600000| PB 0x0000000080600000| Untracked 
|   7|0x0000000080700000, 0x0000000080800000, 0x0000000080800000|100%|HS|  |TAMS 0x0000000080700000| PB 0x0000000080700000| Complete 
|   8|0x0000000080800000, 0x0000000080900000, 0x0000000080900000|100%| O|  |TAMS 0x0000000080800000| PB 0x0000000080800000| Untracked 
|   9|0x0000000080900000, 0x0000000080a00000, 0x0000000080a00000|100%| O|  |TAMS 0x0000000080900000| PB 0x0000000080900000| Untracked 
|  10|0x0000000080a00000, 0x0000000080b00000, 0x0000000080b00000|100%| O|  |TAMS 0x0000000080a00000| PB 0x0000000080a00000| Untracked 
|  11|0x0000000080b00000, 0x0000000080c00000, 0x0000000080c00000|100%| O|  |TAMS 0x0000000080b00000| PB 0x0000000080b00000| Untracked 
|  12|0x0000000080c00000, 0x0000000080d00000, 0x0000000080d00000|100%| O|  |TAMS 0x0000000080c00000| PB 0x0000000080c00000| Untracked 
|  13|0x0000000080d00000, 0x0000000080e00000, 0x0000000080e00000|100%| O|  |TAMS 0x0000000080d00000| PB 0x0000000080d00000| Untracked 
|  14|0x0000000080e00000, 0x0000000080f00000, 0x0000000080f00000|100%| O|  |TAMS 0x0000000080e00000| PB 0x0000000080e00000| Untracked 
|  15|0x0000000080f00000, 0x0000000081000000, 0x0000000081000000|100%| O|  |TAMS 0x0000000080f00000| PB 0x0000000080f00000| Untracked 
|  16|0x0000000081000000, 0x0000000081100000, 0x0000000081100000|100%| O|  |TAMS 0x0000000081000000| PB 0x0000000081000000| Untracked 
|  17|0x0000000081100000, 0x0000000081200000, 0x0000000081200000|100%| O|  |TAMS 0x0000000081100000| PB 0x0000000081100000| Untracked 
|  18|0x0000000081200000, 0x0000000081300000, 0x0000000081300000|100%| O|  |TAMS 0x0000000081200000| PB 0x0000000081200000| Untracked 
|  19|0x0000000081300000, 0x0000000081400000, 0x0000000081400000|100%| O|  |TAMS 0x0000000081300000| PB 0x0000000081300000| Untracked 
|  20|0x0000000081400000, 0x0000000081500000, 0x0000000081500000|100%| O|  |TAMS 0x0000000081400000| PB 0x0000000081400000| Untracked 
|  21|0x0000000081500000, 0x0000000081600000, 0x0000000081600000|100%| O|  |TAMS 0x0000000081500000| PB 0x0000000081500000| Untracked 
|  22|0x0000000081600000, 0x0000000081700000, 0x0000000081700000|100%| O|  |TAMS 0x0000000081600000| PB 0x0000000081600000| Untracked 
|  23|0x0000000081700000, 0x0000000081800000, 0x0000000081800000|100%| O|  |TAMS 0x0000000081700000| PB 0x0000000081700000| Untracked 
|  24|0x0000000081800000, 0x0000000081900000, 0x0000000081900000|100%| O|  |TAMS 0x0000000081800000| PB 0x0000000081800000| Untracked 
|  25|0x0000000081900000, 0x0000000081a00000, 0x0000000081a00000|100%| O|  |TAMS 0x0000000081900000| PB 0x0000000081900000| Untracked 
|  26|0x0000000081a00000, 0x0000000081b00000, 0x0000000081b00000|100%| O|  |TAMS 0x0000000081a00000| PB 0x0000000081a00000| Untracked 
|  27|0x0000000081b00000, 0x0000000081c00000, 0x0000000081c00000|100%| O|  |TAMS 0x0000000081b00000| PB 0x0000000081b00000| Untracked 
|  28|0x0000000081c00000, 0x0000000081d00000, 0x0000000081d00000|100%| O|  |TAMS 0x0000000081c00000| PB 0x0000000081c00000| Untracked 
|  29|0x0000000081d00000, 0x0000000081e00000, 0x0000000081e00000|100%| O|  |TAMS 0x0000000081d00000| PB 0x0000000081d00000| Untracked 
|  30|0x0000000081e00000, 0x0000000081f00000, 0x0000000081f00000|100%| O|  |TAMS 0x0000000081e00000| PB 0x0000000081e00000| Untracked 
|  31|0x0000000081f00000, 0x0000000082000000, 0x0000000082000000|100%| O|  |TAMS 0x0000000081f00000| PB 0x0000000081f00000| Untracked 
|  32|0x0000000082000000, 0x0000000082100000, 0x0000000082100000|100%| O|  |TAMS 0x0000000082000000| PB 0x0000000082000000| Untracked 
|  33|0x0000000082100000, 0x0000000082200000, 0x0000000082200000|100%| O|  |TAMS 0x0000000082100000| PB 0x0000000082100000| Untracked 
|  34|0x0000000082200000, 0x0000000082300000, 0x0000000082300000|100%| O|  |TAMS 0x0000000082200000| PB 0x0000000082200000| Untracked 
|  35|0x0000000082300000, 0x0000000082400000, 0x0000000082400000|100%| O|  |TAMS 0x0000000082300000| PB 0x0000000082300000| Untracked 
|  36|0x0000000082400000, 0x0000000082500000, 0x0000000082500000|100%| O|  |TAMS 0x0000000082400000| PB 0x0000000082400000| Untracked 
|  37|0x0000000082500000, 0x0000000082600000, 0x0000000082600000|100%| O|Cm|TAMS 0x0000000082500000| PB 0x0000000082500000| Complete 
|  38|0x0000000082600000, 0x0000000082700000, 0x0000000082700000|100%| O|  |TAMS 0x0000000082600000| PB 0x0000000082600000| Untracked 
|  39|0x0000000082700000, 0x0000000082800000, 0x0000000082800000|100%| O|  |TAMS 0x0000000082700000| PB 0x0000000082700000| Untracked 
|  40|0x0000000082800000, 0x0000000082900000, 0x0000000082900000|100%| O|  |TAMS 0x0000000082800000| PB 0x0000000082800000| Untracked 
|  41|0x0000000082900000, 0x0000000082a00000, 0x0000000082a00000|100%| O|  |TAMS 0x0000000082900000| PB 0x0000000082900000| Untracked 
|  42|0x0000000082a00000, 0x0000000082b00000, 0x0000000082b00000|100%|HS|  |TAMS 0x0000000082a00000| PB 0x0000000082a00000| Complete 
|  43|0x0000000082b00000, 0x0000000082c00000, 0x0000000082c00000|100%|HS|  |TAMS 0x0000000082b00000| PB 0x0000000082b00000| Complete 
|  44|0x0000000082c00000, 0x0000000082d00000, 0x0000000082d00000|100%|HS|  |TAMS 0x0000000082c00000| PB 0x0000000082c00000| Complete 
|  45|0x0000000082d00000, 0x0000000082e00000, 0x0000000082e00000|100%| O|  |TAMS 0x0000000082d00000| PB 0x0000000082d00000| Untracked 
|  46|0x0000000082e00000, 0x0000000082f00000, 0x0000000082f00000|100%| O|  |TAMS 0x0000000082e00000| PB 0x0000000082e00000| Untracked 
|  47|0x0000000082f00000, 0x0000000083000000, 0x0000000083000000|100%| O|  |TAMS 0x0000000082f00000| PB 0x0000000082f00000| Untracked 
|  48|0x0000000083000000, 0x0000000083100000, 0x0000000083100000|100%| O|  |TAMS 0x0000000083000000| PB 0x0000000083000000| Untracked 
|  49|0x0000000083100000, 0x0000000083200000, 0x0000000083200000|100%| O|  |TAMS 0x0000000083100000| PB 0x0000000083100000| Untracked 
|  50|0x0000000083200000, 0x0000000083300000, 0x0000000083300000|100%|HS|  |TAMS 0x0000000083200000| PB 0x0000000083200000| Complete 
|  51|0x0000000083300000, 0x0000000083400000, 0x0000000083400000|100%| O|  |TAMS 0x0000000083300000| PB 0x0000000083300000| Untracked 
|  52|0x0000000083400000, 0x0000000083500000, 0x0000000083500000|100%|HS|  |TAMS 0x0000000083400000| PB 0x0000000083400000| Complete 
|  53|0x0000000083500000, 0x0000000083600000, 0x0000000083600000|100%|HS|  |TAMS 0x0000000083500000| PB 0x0000000083500000| Complete 
|  54|0x0000000083600000, 0x0000000083700000, 0x0000000083700000|100%| O|  |TAMS 0x0000000083600000| PB 0x0000000083600000| Untracked 
|  55|0x0000000083700000, 0x0000000083800000, 0x0000000083800000|100%|HS|  |TAMS 0x0000000083700000| PB 0x0000000083700000| Complete 
|  56|0x0000000083800000, 0x0000000083900000, 0x0000000083900000|100%| O|  |TAMS 0x0000000083800000| PB 0x0000000083800000| Untracked 
|  57|0x0000000083900000, 0x0000000083a00000, 0x0000000083a00000|100%| O|  |TAMS 0x0000000083900000| PB 0x0000000083900000| Untracked 
|  58|0x0000000083a00000, 0x0000000083b00000, 0x0000000083b00000|100%| O|Cm|TAMS 0x0000000083a00000| PB 0x0000000083a00000| Complete 
|  59|0x0000000083b00000, 0x0000000083c00000, 0x0000000083c00000|100%| O|  |TAMS 0x0000000083b00000| PB 0x0000000083b00000| Untracked 
|  60|0x0000000083c00000, 0x0000000083d00000, 0x0000000083d00000|100%| O|  |TAMS 0x0000000083c00000| PB 0x0000000083c00000| Untracked 
|  61|0x0000000083d00000, 0x0000000083e00000, 0x0000000083e00000|100%| O|  |TAMS 0x0000000083d00000| PB 0x0000000083d00000| Untracked 
|  62|0x0000000083e00000, 0x0000000083f00000, 0x0000000083f00000|100%| O|  |TAMS 0x0000000083e00000| PB 0x0000000083e00000| Untracked 
|  63|0x0000000083f00000, 0x0000000084000000, 0x0000000084000000|100%| O|Cm|TAMS 0x0000000083f00000| PB 0x0000000083f00000| Complete 
|  64|0x0000000084000000, 0x0000000084100000, 0x0000000084100000|100%| O|  |TAMS 0x0000000084000000| PB 0x0000000084000000| Untracked 
|  65|0x0000000084100000, 0x0000000084200000, 0x0000000084200000|100%| O|  |TAMS 0x0000000084100000| PB 0x0000000084100000| Untracked 
|  66|0x0000000084200000, 0x0000000084300000, 0x0000000084300000|100%| O|  |TAMS 0x0000000084200000| PB 0x0000000084200000| Untracked 
|  67|0x0000000084300000, 0x0000000084400000, 0x0000000084400000|100%| O|  |TAMS 0x0000000084300000| PB 0x0000000084300000| Untracked 
|  68|0x0000000084400000, 0x0000000084500000, 0x0000000084500000|100%| O|Cm|TAMS 0x0000000084400000| PB 0x0000000084400000| Complete 
|  69|0x0000000084500000, 0x0000000084600000, 0x0000000084600000|100%| O|  |TAMS 0x0000000084500000| PB 0x0000000084500000| Untracked 
|  70|0x0000000084600000, 0x0000000084700000, 0x0000000084700000|100%| O|  |TAMS 0x0000000084600000| PB 0x0000000084600000| Untracked 
|  71|0x0000000084700000, 0x0000000084800000, 0x0000000084800000|100%| O|  |TAMS 0x0000000084700000| PB 0x0000000084700000| Untracked 
|  72|0x0000000084800000, 0x0000000084900000, 0x0000000084900000|100%| O|  |TAMS 0x0000000084800000| PB 0x0000000084800000| Untracked 
|  73|0x0000000084900000, 0x0000000084a00000, 0x0000000084a00000|100%| O|  |TAMS 0x0000000084900000| PB 0x0000000084900000| Untracked 
|  74|0x0000000084a00000, 0x0000000084b00000, 0x0000000084b00000|100%| O|  |TAMS 0x0000000084a00000| PB 0x0000000084a00000| Untracked 
|  75|0x0000000084b00000, 0x0000000084c00000, 0x0000000084c00000|100%| O|  |TAMS 0x0000000084b00000| PB 0x0000000084b00000| Untracked 
|  76|0x0000000084c00000, 0x0000000084d00000, 0x0000000084d00000|100%| O|  |TAMS 0x0000000084c00000| PB 0x0000000084c00000| Untracked 
|  77|0x0000000084d00000, 0x0000000084e00000, 0x0000000084e00000|100%| O|  |TAMS 0x0000000084d00000| PB 0x0000000084d00000| Untracked 
|  78|0x0000000084e00000, 0x0000000084f00000, 0x0000000084f00000|100%| O|  |TAMS 0x0000000084e00000| PB 0x0000000084e00000| Untracked 
|  79|0x0000000084f00000, 0x0000000085000000, 0x0000000085000000|100%| O|  |TAMS 0x0000000084f00000| PB 0x0000000084f00000| Untracked 
|  80|0x0000000085000000, 0x0000000085100000, 0x0000000085100000|100%| O|Cm|TAMS 0x0000000085000000| PB 0x0000000085000000| Complete 
|  81|0x0000000085100000, 0x0000000085200000, 0x0000000085200000|100%| O|  |TAMS 0x0000000085100000| PB 0x0000000085100000| Untracked 
|  82|0x0000000085200000, 0x0000000085300000, 0x0000000085300000|100%| O|  |TAMS 0x0000000085200000| PB 0x0000000085200000| Untracked 
|  83|0x0000000085300000, 0x0000000085400000, 0x0000000085400000|100%| O|  |TAMS 0x0000000085300000| PB 0x0000000085300000| Untracked 
|  84|0x0000000085400000, 0x0000000085500000, 0x0000000085500000|100%| O|Cm|TAMS 0x0000000085400000| PB 0x0000000085400000| Complete 
|  85|0x0000000085500000, 0x0000000085600000, 0x0000000085600000|100%| O|  |TAMS 0x0000000085500000| PB 0x0000000085500000| Untracked 
|  86|0x0000000085600000, 0x0000000085700000, 0x0000000085700000|100%| O|  |TAMS 0x0000000085600000| PB 0x0000000085600000| Untracked 
|  87|0x0000000085700000, 0x0000000085800000, 0x0000000085800000|100%| O|  |TAMS 0x0000000085700000| PB 0x0000000085700000| Untracked 
|  88|0x0000000085800000, 0x0000000085900000, 0x0000000085900000|100%| O|Cm|TAMS 0x0000000085800000| PB 0x0000000085800000| Complete 
|  89|0x0000000085900000, 0x0000000085a00000, 0x0000000085a00000|100%| O|  |TAMS 0x0000000085900000| PB 0x0000000085900000| Untracked 
|  90|0x0000000085a00000, 0x0000000085b00000, 0x0000000085b00000|100%| O|Cm|TAMS 0x0000000085a00000| PB 0x0000000085a00000| Complete 
|  91|0x0000000085b00000, 0x0000000085c00000, 0x0000000085c00000|100%| O|Cm|TAMS 0x0000000085b00000| PB 0x0000000085b00000| Complete 
|  92|0x0000000085c00000, 0x0000000085d00000, 0x0000000085d00000|100%| O|  |TAMS 0x0000000085c00000| PB 0x0000000085c00000| Untracked 
|  93|0x0000000085d00000, 0x0000000085e00000, 0x0000000085e00000|100%| O|Cm|TAMS 0x0000000085d00000| PB 0x0000000085d00000| Complete 
|  94|0x0000000085e00000, 0x0000000085f00000, 0x0000000085f00000|100%| O|  |TAMS 0x0000000085e00000| PB 0x0000000085e00000| Untracked 
|  95|0x0000000085f00000, 0x0000000086000000, 0x0000000086000000|100%| O|  |TAMS 0x0000000085f00000| PB 0x0000000085f00000| Untracked 
|  96|0x0000000086000000, 0x0000000086100000, 0x0000000086100000|100%| O|  |TAMS 0x0000000086000000| PB 0x0000000086000000| Untracked 
|  97|0x0000000086100000, 0x0000000086200000, 0x0000000086200000|100%| O|  |TAMS 0x0000000086100000| PB 0x0000000086100000| Untracked 
|  98|0x0000000086200000, 0x0000000086300000, 0x0000000086300000|100%| O|Cm|TAMS 0x0000000086200000| PB 0x0000000086200000| Complete 
|  99|0x0000000086300000, 0x0000000086400000, 0x0000000086400000|100%| O|  |TAMS 0x0000000086300000| PB 0x0000000086300000| Untracked 
| 100|0x0000000086400000, 0x0000000086500000, 0x0000000086500000|100%| O|  |TAMS 0x0000000086400000| PB 0x0000000086400000| Untracked 
| 101|0x0000000086500000, 0x0000000086600000, 0x0000000086600000|100%|HS|  |TAMS 0x0000000086500000| PB 0x0000000086500000| Complete 
| 102|0x0000000086600000, 0x0000000086700000, 0x0000000086700000|100%|HC|  |TAMS 0x0000000086600000| PB 0x0000000086600000| Complete 
| 103|0x0000000086700000, 0x0000000086800000, 0x0000000086800000|100%|HS|  |TAMS 0x0000000086700000| PB 0x0000000086700000| Complete 
| 104|0x0000000086800000, 0x0000000086900000, 0x0000000086900000|100%|HC|  |TAMS 0x0000000086800000| PB 0x0000000086800000| Complete 
| 105|0x0000000086900000, 0x0000000086a00000, 0x0000000086a00000|100%| O|  |TAMS 0x0000000086900000| PB 0x0000000086900000| Untracked 
| 106|0x0000000086a00000, 0x0000000086b00000, 0x0000000086b00000|100%| O|  |TAMS 0x0000000086a00000| PB 0x0000000086a00000| Untracked 
| 107|0x0000000086b00000, 0x0000000086c00000, 0x0000000086c00000|100%| O|Cm|TAMS 0x0000000086b00000| PB 0x0000000086b00000| Complete 
| 108|0x0000000086c00000, 0x0000000086d00000, 0x0000000086d00000|100%|HS|  |TAMS 0x0000000086c00000| PB 0x0000000086c00000| Complete 
| 109|0x0000000086d00000, 0x0000000086e00000, 0x0000000086e00000|100%|HC|  |TAMS 0x0000000086d00000| PB 0x0000000086d00000| Complete 
| 110|0x0000000086e00000, 0x0000000086f00000, 0x0000000086f00000|100%| O|  |TAMS 0x0000000086e00000| PB 0x0000000086e00000| Untracked 
| 111|0x0000000086f00000, 0x0000000086f00000, 0x0000000087000000|  0%| F|  |TAMS 0x0000000086f00000| PB 0x0000000086f00000| Untracked 
| 112|0x0000000087000000, 0x0000000087100000, 0x0000000087100000|100%| O|  |TAMS 0x0000000087000000| PB 0x0000000087000000| Untracked 
| 113|0x0000000087100000, 0x0000000087200000, 0x0000000087200000|100%| O|Cm|TAMS 0x0000000087100000| PB 0x0000000087100000| Complete 
| 114|0x0000000087200000, 0x0000000087300000, 0x0000000087300000|100%| O|  |TAMS 0x0000000087200000| PB 0x0000000087200000| Untracked 
| 115|0x0000000087300000, 0x0000000087400000, 0x0000000087400000|100%| O|  |TAMS 0x0000000087300000| PB 0x0000000087300000| Untracked 
| 116|0x0000000087400000, 0x0000000087500000, 0x0000000087500000|100%| O|  |TAMS 0x0000000087400000| PB 0x0000000087400000| Untracked 
| 117|0x0000000087500000, 0x0000000087600000, 0x0000000087600000|100%| O|  |TAMS 0x0000000087500000| PB 0x0000000087500000| Untracked 
| 118|0x0000000087600000, 0x0000000087700000, 0x0000000087700000|100%| O|Cm|TAMS 0x0000000087600000| PB 0x0000000087600000| Complete 
| 119|0x0000000087700000, 0x0000000087800000, 0x0000000087800000|100%| O|Cm|TAMS 0x0000000087700000| PB 0x0000000087700000| Complete 
| 120|0x0000000087800000, 0x0000000087800000, 0x0000000087900000|  0%| F|  |TAMS 0x0000000087800000| PB 0x0000000087800000| Untracked 
| 121|0x0000000087900000, 0x0000000087a00000, 0x0000000087a00000|100%| O|Cm|TAMS 0x0000000087900000| PB 0x0000000087900000| Complete 
| 122|0x0000000087a00000, 0x0000000087b00000, 0x0000000087b00000|100%| O|Cm|TAMS 0x0000000087a00000| PB 0x0000000087a00000| Complete 
| 123|0x0000000087b00000, 0x0000000087c00000, 0x0000000087c00000|100%| O|  |TAMS 0x0000000087b00000| PB 0x0000000087b00000| Untracked 
| 124|0x0000000087c00000, 0x0000000087c00000, 0x0000000087d00000|  0%| F|  |TAMS 0x0000000087c00000| PB 0x0000000087c00000| Untracked 
| 125|0x0000000087d00000, 0x0000000087e00000, 0x0000000087e00000|100%| O|  |TAMS 0x0000000087d00000| PB 0x0000000087d00000| Untracked 
| 126|0x0000000087e00000, 0x0000000087f00000, 0x0000000087f00000|100%| O|  |TAMS 0x0000000087e00000| PB 0x0000000087e00000| Untracked 
| 127|0x0000000087f00000, 0x0000000088000000, 0x0000000088000000|100%| O|  |TAMS 0x0000000087f00000| PB 0x0000000087f00000| Untracked 
| 128|0x0000000088000000, 0x0000000088100000, 0x0000000088100000|100%| O|  |TAMS 0x0000000088000000| PB 0x0000000088000000| Untracked 
| 129|0x0000000088100000, 0x0000000088200000, 0x0000000088200000|100%| O|Cm|TAMS 0x0000000088100000| PB 0x0000000088100000| Complete 
| 130|0x0000000088200000, 0x0000000088300000, 0x0000000088300000|100%| O|  |TAMS 0x0000000088200000| PB 0x0000000088200000| Untracked 
| 131|0x0000000088300000, 0x0000000088400000, 0x0000000088400000|100%| O|  |TAMS 0x0000000088300000| PB 0x0000000088300000| Untracked 
| 132|0x0000000088400000, 0x0000000088500000, 0x0000000088500000|100%| O|  |TAMS 0x0000000088400000| PB 0x0000000088400000| Untracked 
| 133|0x0000000088500000, 0x0000000088600000, 0x0000000088600000|100%| O|  |TAMS 0x0000000088500000| PB 0x0000000088500000| Untracked 
| 134|0x0000000088600000, 0x0000000088700000, 0x0000000088700000|100%| O|  |TAMS 0x0000000088600000| PB 0x0000000088600000| Untracked 
| 135|0x0000000088700000, 0x0000000088800000, 0x0000000088800000|100%| O|  |TAMS 0x0000000088700000| PB 0x0000000088700000| Untracked 
| 136|0x0000000088800000, 0x0000000088900000, 0x0000000088900000|100%| O|  |TAMS 0x0000000088800000| PB 0x0000000088800000| Untracked 
| 137|0x0000000088900000, 0x0000000088a00000, 0x0000000088a00000|100%| O|  |TAMS 0x0000000088900000| PB 0x0000000088900000| Untracked 
| 138|0x0000000088a00000, 0x0000000088b00000, 0x0000000088b00000|100%| O|  |TAMS 0x0000000088a00000| PB 0x0000000088a00000| Untracked 
| 139|0x0000000088b00000, 0x0000000088c00000, 0x0000000088c00000|100%| O|Cm|TAMS 0x0000000088b00000| PB 0x0000000088b00000| Complete 
| 140|0x0000000088c00000, 0x0000000088d00000, 0x0000000088d00000|100%| O|Cm|TAMS 0x0000000088c00000| PB 0x0000000088c00000| Complete 
| 141|0x0000000088d00000, 0x0000000088e00000, 0x0000000088e00000|100%| O|Cm|TAMS 0x0000000088d00000| PB 0x0000000088d00000| Complete 
| 142|0x0000000088e00000, 0x0000000088f00000, 0x0000000088f00000|100%| O|Cm|TAMS 0x0000000088e00000| PB 0x0000000088e00000| Complete 
| 143|0x0000000088f00000, 0x0000000089000000, 0x0000000089000000|100%| O|Cm|TAMS 0x0000000088f00000| PB 0x0000000088f00000| Complete 
| 144|0x0000000089000000, 0x0000000089100000, 0x0000000089100000|100%| O|  |TAMS 0x0000000089000000| PB 0x0000000089000000| Untracked 
| 145|0x0000000089100000, 0x0000000089200000, 0x0000000089200000|100%| O|Cm|TAMS 0x0000000089100000| PB 0x0000000089100000| Complete 
| 146|0x0000000089200000, 0x0000000089300000, 0x0000000089300000|100%|HS|  |TAMS 0x0000000089200000| PB 0x0000000089200000| Complete 
| 147|0x0000000089300000, 0x0000000089400000, 0x0000000089400000|100%|HC|  |TAMS 0x0000000089300000| PB 0x0000000089300000| Complete 
| 148|0x0000000089400000, 0x0000000089500000, 0x0000000089500000|100%| O|Cm|TAMS 0x0000000089400000| PB 0x0000000089400000| Complete 
| 149|0x0000000089500000, 0x0000000089500000, 0x0000000089600000|  0%| F|  |TAMS 0x0000000089500000| PB 0x0000000089500000| Untracked 
| 150|0x0000000089600000, 0x0000000089700000, 0x0000000089700000|100%| O|  |TAMS 0x0000000089600000| PB 0x0000000089600000| Untracked 
| 151|0x0000000089700000, 0x0000000089800000, 0x0000000089800000|100%|HS|  |TAMS 0x0000000089700000| PB 0x0000000089700000| Complete 
| 152|0x0000000089800000, 0x0000000089900000, 0x0000000089900000|100%|HC|  |TAMS 0x0000000089800000| PB 0x0000000089800000| Complete 
| 153|0x0000000089900000, 0x0000000089a00000, 0x0000000089a00000|100%| O|  |TAMS 0x0000000089900000| PB 0x0000000089900000| Untracked 
| 154|0x0000000089a00000, 0x0000000089a00000, 0x0000000089b00000|  0%| F|  |TAMS 0x0000000089a00000| PB 0x0000000089a00000| Untracked 
| 155|0x0000000089b00000, 0x0000000089c00000, 0x0000000089c00000|100%| O|Cm|TAMS 0x0000000089b00000| PB 0x0000000089b00000| Complete 
| 156|0x0000000089c00000, 0x0000000089d00000, 0x0000000089d00000|100%|HS|  |TAMS 0x0000000089c00000| PB 0x0000000089c00000| Complete 
| 157|0x0000000089d00000, 0x0000000089e00000, 0x0000000089e00000|100%|HC|  |TAMS 0x0000000089d00000| PB 0x0000000089d00000| Complete 
| 158|0x0000000089e00000, 0x0000000089f00000, 0x0000000089f00000|100%|HS|  |TAMS 0x0000000089e00000| PB 0x0000000089e00000| Complete 
| 159|0x0000000089f00000, 0x000000008a000000, 0x000000008a000000|100%|HC|  |TAMS 0x0000000089f00000| PB 0x0000000089f00000| Complete 
| 160|0x000000008a000000, 0x000000008a100000, 0x000000008a100000|100%|HS|  |TAMS 0x000000008a000000| PB 0x000000008a000000| Complete 
| 161|0x000000008a100000, 0x000000008a200000, 0x000000008a200000|100%|HC|  |TAMS 0x000000008a100000| PB 0x000000008a100000| Complete 
| 162|0x000000008a200000, 0x000000008a300000, 0x000000008a300000|100%| O|  |TAMS 0x000000008a200000| PB 0x000000008a200000| Untracked 
| 163|0x000000008a300000, 0x000000008a300000, 0x000000008a400000|  0%| F|  |TAMS 0x000000008a300000| PB 0x000000008a300000| Untracked 
| 164|0x000000008a400000, 0x000000008a500000, 0x000000008a500000|100%| O|  |TAMS 0x000000008a400000| PB 0x000000008a400000| Untracked 
| 165|0x000000008a500000, 0x000000008a600000, 0x000000008a600000|100%|HS|  |TAMS 0x000000008a500000| PB 0x000000008a500000| Complete 
| 166|0x000000008a600000, 0x000000008a700000, 0x000000008a700000|100%|HC|  |TAMS 0x000000008a600000| PB 0x000000008a600000| Complete 
| 167|0x000000008a700000, 0x000000008a700000, 0x000000008a800000|  0%| F|  |TAMS 0x000000008a700000| PB 0x000000008a700000| Untracked 
| 168|0x000000008a800000, 0x000000008a900000, 0x000000008a900000|100%| O|  |TAMS 0x000000008a800000| PB 0x000000008a800000| Untracked 
| 169|0x000000008a900000, 0x000000008aa00000, 0x000000008aa00000|100%|HS|  |TAMS 0x000000008a900000| PB 0x000000008a900000| Complete 
| 170|0x000000008aa00000, 0x000000008ab00000, 0x000000008ab00000|100%|HC|  |TAMS 0x000000008aa00000| PB 0x000000008aa00000| Complete 
| 171|0x000000008ab00000, 0x000000008ac00000, 0x000000008ac00000|100%|HS|  |TAMS 0x000000008ab00000| PB 0x000000008ab00000| Complete 
| 172|0x000000008ac00000, 0x000000008ad00000, 0x000000008ad00000|100%|HC|  |TAMS 0x000000008ac00000| PB 0x000000008ac00000| Complete 
| 173|0x000000008ad00000, 0x000000008ae00000, 0x000000008ae00000|100%|HS|  |TAMS 0x000000008ad00000| PB 0x000000008ad00000| Complete 
| 174|0x000000008ae00000, 0x000000008af00000, 0x000000008af00000|100%|HC|  |TAMS 0x000000008ae00000| PB 0x000000008ae00000| Complete 
| 175|0x000000008af00000, 0x000000008b000000, 0x000000008b000000|100%|HS|  |TAMS 0x000000008af00000| PB 0x000000008af00000| Complete 
| 176|0x000000008b000000, 0x000000008b100000, 0x000000008b100000|100%|HC|  |TAMS 0x000000008b000000| PB 0x000000008b000000| Complete 
| 177|0x000000008b100000, 0x000000008b200000, 0x000000008b200000|100%|HS|  |TAMS 0x000000008b100000| PB 0x000000008b100000| Complete 
| 178|0x000000008b200000, 0x000000008b300000, 0x000000008b300000|100%|HC|  |TAMS 0x000000008b200000| PB 0x000000008b200000| Complete 
| 179|0x000000008b300000, 0x000000008b400000, 0x000000008b400000|100%|HS|  |TAMS 0x000000008b300000| PB 0x000000008b300000| Complete 
| 180|0x000000008b400000, 0x000000008b500000, 0x000000008b500000|100%|HC|  |TAMS 0x000000008b400000| PB 0x000000008b400000| Complete 
| 181|0x000000008b500000, 0x000000008b600000, 0x000000008b600000|100%|HS|  |TAMS 0x000000008b500000| PB 0x000000008b500000| Complete 
| 182|0x000000008b600000, 0x000000008b700000, 0x000000008b700000|100%|HC|  |TAMS 0x000000008b600000| PB 0x000000008b600000| Complete 
| 183|0x000000008b700000, 0x000000008b800000, 0x000000008b800000|100%|HS|  |TAMS 0x000000008b700000| PB 0x000000008b700000| Complete 
| 184|0x000000008b800000, 0x000000008b900000, 0x000000008b900000|100%|HC|  |TAMS 0x000000008b800000| PB 0x000000008b800000| Complete 
| 185|0x000000008b900000, 0x000000008ba00000, 0x000000008ba00000|100%|HS|  |TAMS 0x000000008b900000| PB 0x000000008b900000| Complete 
| 186|0x000000008ba00000, 0x000000008bb00000, 0x000000008bb00000|100%|HC|  |TAMS 0x000000008ba00000| PB 0x000000008ba00000| Complete 
| 187|0x000000008bb00000, 0x000000008bc00000, 0x000000008bc00000|100%|HS|  |TAMS 0x000000008bb00000| PB 0x000000008bb00000| Complete 
| 188|0x000000008bc00000, 0x000000008bd00000, 0x000000008bd00000|100%|HC|  |TAMS 0x000000008bc00000| PB 0x000000008bc00000| Complete 
| 189|0x000000008bd00000, 0x000000008bd00000, 0x000000008be00000|  0%| F|  |TAMS 0x000000008bd00000| PB 0x000000008bd00000| Untracked 
| 190|0x000000008be00000, 0x000000008be00000, 0x000000008bf00000|  0%| F|  |TAMS 0x000000008be00000| PB 0x000000008be00000| Untracked 
| 191|0x000000008bf00000, 0x000000008bf00000, 0x000000008c000000|  0%| F|  |TAMS 0x000000008bf00000| PB 0x000000008bf00000| Untracked 
| 192|0x000000008c000000, 0x000000008c000000, 0x000000008c100000|  0%| F|  |TAMS 0x000000008c000000| PB 0x000000008c000000| Untracked 
| 193|0x000000008c100000, 0x000000008c100000, 0x000000008c200000|  0%| F|  |TAMS 0x000000008c100000| PB 0x000000008c100000| Untracked 
| 194|0x000000008c200000, 0x000000008c200000, 0x000000008c300000|  0%| F|  |TAMS 0x000000008c200000| PB 0x000000008c200000| Untracked 
| 195|0x000000008c300000, 0x000000008c300000, 0x000000008c400000|  0%| F|  |TAMS 0x000000008c300000| PB 0x000000008c300000| Untracked 
| 196|0x000000008c400000, 0x000000008c400000, 0x000000008c500000|  0%| F|  |TAMS 0x000000008c400000| PB 0x000000008c400000| Untracked 
| 197|0x000000008c500000, 0x000000008c500000, 0x000000008c600000|  0%| F|  |TAMS 0x000000008c500000| PB 0x000000008c500000| Untracked 
| 198|0x000000008c600000, 0x000000008c600000, 0x000000008c700000|  0%| F|  |TAMS 0x000000008c600000| PB 0x000000008c600000| Untracked 
| 199|0x000000008c700000, 0x000000008c700000, 0x000000008c800000|  0%| F|  |TAMS 0x000000008c700000| PB 0x000000008c700000| Untracked 
| 200|0x000000008c800000, 0x000000008c800000, 0x000000008c900000|  0%| F|  |TAMS 0x000000008c800000| PB 0x000000008c800000| Untracked 
| 201|0x000000008c900000, 0x000000008c900000, 0x000000008ca00000|  0%| F|  |TAMS 0x000000008c900000| PB 0x000000008c900000| Untracked 
| 202|0x000000008ca00000, 0x000000008ca00000, 0x000000008cb00000|  0%| F|  |TAMS 0x000000008ca00000| PB 0x000000008ca00000| Untracked 
| 203|0x000000008cb00000, 0x000000008cb00000, 0x000000008cc00000|  0%| F|  |TAMS 0x000000008cb00000| PB 0x000000008cb00000| Untracked 
| 204|0x000000008cc00000, 0x000000008cc00000, 0x000000008cd00000|  0%| F|  |TAMS 0x000000008cc00000| PB 0x000000008cc00000| Untracked 
| 205|0x000000008cd00000, 0x000000008cd00000, 0x000000008ce00000|  0%| F|  |TAMS 0x000000008cd00000| PB 0x000000008cd00000| Untracked 
| 206|0x000000008ce00000, 0x000000008ce00000, 0x000000008cf00000|  0%| F|  |TAMS 0x000000008ce00000| PB 0x000000008ce00000| Untracked 
| 207|0x000000008cf00000, 0x000000008cf00000, 0x000000008d000000|  0%| F|  |TAMS 0x000000008cf00000| PB 0x000000008cf00000| Untracked 
| 208|0x000000008d000000, 0x000000008d000000, 0x000000008d100000|  0%| F|  |TAMS 0x000000008d000000| PB 0x000000008d000000| Untracked 
| 209|0x000000008d100000, 0x000000008d100000, 0x000000008d200000|  0%| F|  |TAMS 0x000000008d100000| PB 0x000000008d100000| Untracked 
| 210|0x000000008d200000, 0x000000008d200000, 0x000000008d300000|  0%| F|  |TAMS 0x000000008d200000| PB 0x000000008d200000| Untracked 
| 211|0x000000008d300000, 0x000000008d300000, 0x000000008d400000|  0%| F|  |TAMS 0x000000008d300000| PB 0x000000008d300000| Untracked 
| 212|0x000000008d400000, 0x000000008d400000, 0x000000008d500000|  0%| F|  |TAMS 0x000000008d400000| PB 0x000000008d400000| Untracked 
| 213|0x000000008d500000, 0x000000008d500000, 0x000000008d600000|  0%| F|  |TAMS 0x000000008d500000| PB 0x000000008d500000| Untracked 
| 214|0x000000008d600000, 0x000000008d600000, 0x000000008d700000|  0%| F|  |TAMS 0x000000008d600000| PB 0x000000008d600000| Untracked 
| 215|0x000000008d700000, 0x000000008d700000, 0x000000008d800000|  0%| F|  |TAMS 0x000000008d700000| PB 0x000000008d700000| Untracked 
| 216|0x000000008d800000, 0x000000008d800000, 0x000000008d900000|  0%| F|  |TAMS 0x000000008d800000| PB 0x000000008d800000| Untracked 
| 217|0x000000008d900000, 0x000000008d900000, 0x000000008da00000|  0%| F|  |TAMS 0x000000008d900000| PB 0x000000008d900000| Untracked 
| 218|0x000000008da00000, 0x000000008da00000, 0x000000008db00000|  0%| F|  |TAMS 0x000000008da00000| PB 0x000000008da00000| Untracked 
| 219|0x000000008db00000, 0x000000008db00000, 0x000000008dc00000|  0%| F|  |TAMS 0x000000008db00000| PB 0x000000008db00000| Untracked 
| 220|0x000000008dc00000, 0x000000008dc00000, 0x000000008dd00000|  0%| F|  |TAMS 0x000000008dc00000| PB 0x000000008dc00000| Untracked 
| 221|0x000000008dd00000, 0x000000008dd00000, 0x000000008de00000|  0%| F|  |TAMS 0x000000008dd00000| PB 0x000000008dd00000| Untracked 
| 222|0x000000008de00000, 0x000000008de00000, 0x000000008df00000|  0%| F|  |TAMS 0x000000008de00000| PB 0x000000008de00000| Untracked 
| 223|0x000000008df00000, 0x000000008df00000, 0x000000008e000000|  0%| F|  |TAMS 0x000000008df00000| PB 0x000000008df00000| Untracked 
| 224|0x000000008e000000, 0x000000008e000000, 0x000000008e100000|  0%| F|  |TAMS 0x000000008e000000| PB 0x000000008e000000| Untracked 
| 225|0x000000008e100000, 0x000000008e100000, 0x000000008e200000|  0%| F|  |TAMS 0x000000008e100000| PB 0x000000008e100000| Untracked 
| 226|0x000000008e200000, 0x000000008e200000, 0x000000008e300000|  0%| F|  |TAMS 0x000000008e200000| PB 0x000000008e200000| Untracked 
| 227|0x000000008e300000, 0x000000008e300000, 0x000000008e400000|  0%| F|  |TAMS 0x000000008e300000| PB 0x000000008e300000| Untracked 
| 228|0x000000008e400000, 0x000000008e400000, 0x000000008e500000|  0%| F|  |TAMS 0x000000008e400000| PB 0x000000008e400000| Untracked 
| 229|0x000000008e500000, 0x000000008e500000, 0x000000008e600000|  0%| F|  |TAMS 0x000000008e500000| PB 0x000000008e500000| Untracked 
| 230|0x000000008e600000, 0x000000008e600000, 0x000000008e700000|  0%| F|  |TAMS 0x000000008e600000| PB 0x000000008e600000| Untracked 
| 231|0x000000008e700000, 0x000000008e700000, 0x000000008e800000|  0%| F|  |TAMS 0x000000008e700000| PB 0x000000008e700000| Untracked 
| 232|0x000000008e800000, 0x000000008e800000, 0x000000008e900000|  0%| F|  |TAMS 0x000000008e800000| PB 0x000000008e800000| Untracked 
| 233|0x000000008e900000, 0x000000008e900000, 0x000000008ea00000|  0%| F|  |TAMS 0x000000008e900000| PB 0x000000008e900000| Untracked 
| 234|0x000000008ea00000, 0x000000008ea00000, 0x000000008eb00000|  0%| F|  |TAMS 0x000000008ea00000| PB 0x000000008ea00000| Untracked 
| 235|0x000000008eb00000, 0x000000008eb00000, 0x000000008ec00000|  0%| F|  |TAMS 0x000000008eb00000| PB 0x000000008eb00000| Untracked 
| 236|0x000000008ec00000, 0x000000008ec00000, 0x000000008ed00000|  0%| F|  |TAMS 0x000000008ec00000| PB 0x000000008ec00000| Untracked 
| 237|0x000000008ed00000, 0x000000008ed00000, 0x000000008ee00000|  0%| F|  |TAMS 0x000000008ed00000| PB 0x000000008ed00000| Untracked 
| 238|0x000000008ee00000, 0x000000008ee00000, 0x000000008ef00000|  0%| F|  |TAMS 0x000000008ee00000| PB 0x000000008ee00000| Untracked 
| 239|0x000000008ef00000, 0x000000008ef00000, 0x000000008f000000|  0%| F|  |TAMS 0x000000008ef00000| PB 0x000000008ef00000| Untracked 
| 240|0x000000008f000000, 0x000000008f000000, 0x000000008f100000|  0%| F|  |TAMS 0x000000008f000000| PB 0x000000008f000000| Untracked 
| 241|0x000000008f100000, 0x000000008f100000, 0x000000008f200000|  0%| F|  |TAMS 0x000000008f100000| PB 0x000000008f100000| Untracked 
| 242|0x000000008f200000, 0x000000008f200000, 0x000000008f300000|  0%| F|  |TAMS 0x000000008f200000| PB 0x000000008f200000| Untracked 
| 243|0x000000008f300000, 0x000000008f300000, 0x000000008f400000|  0%| F|  |TAMS 0x000000008f300000| PB 0x000000008f300000| Untracked 
| 244|0x000000008f400000, 0x000000008f400000, 0x000000008f500000|  0%| F|  |TAMS 0x000000008f400000| PB 0x000000008f400000| Untracked 
| 245|0x000000008f500000, 0x000000008f500000, 0x000000008f600000|  0%| F|  |TAMS 0x000000008f500000| PB 0x000000008f500000| Untracked 
| 246|0x000000008f600000, 0x000000008f600000, 0x000000008f700000|  0%| F|  |TAMS 0x000000008f600000| PB 0x000000008f600000| Untracked 
| 247|0x000000008f700000, 0x000000008f700000, 0x000000008f800000|  0%| F|  |TAMS 0x000000008f700000| PB 0x000000008f700000| Untracked 
| 248|0x000000008f800000, 0x000000008f800000, 0x000000008f900000|  0%| F|  |TAMS 0x000000008f800000| PB 0x000000008f800000| Untracked 
| 249|0x000000008f900000, 0x000000008f900000, 0x000000008fa00000|  0%| F|  |TAMS 0x000000008f900000| PB 0x000000008f900000| Untracked 
| 250|0x000000008fa00000, 0x000000008fa00000, 0x000000008fb00000|  0%| F|  |TAMS 0x000000008fa00000| PB 0x000000008fa00000| Untracked 
| 251|0x000000008fb00000, 0x000000008fb00000, 0x000000008fc00000|  0%| F|  |TAMS 0x000000008fb00000| PB 0x000000008fb00000| Untracked 
| 252|0x000000008fc00000, 0x000000008fc00000, 0x000000008fd00000|  0%| F|  |TAMS 0x000000008fc00000| PB 0x000000008fc00000| Untracked 
| 253|0x000000008fd00000, 0x000000008fd00000, 0x000000008fe00000|  0%| F|  |TAMS 0x000000008fd00000| PB 0x000000008fd00000| Untracked 
| 254|0x000000008fe00000, 0x000000008fe00000, 0x000000008ff00000|  0%| F|  |TAMS 0x000000008fe00000| PB 0x000000008fe00000| Untracked 
| 255|0x000000008ff00000, 0x000000008ff00000, 0x0000000090000000|  0%| F|  |TAMS 0x000000008ff00000| PB 0x000000008ff00000| Untracked 
| 256|0x0000000090000000, 0x0000000090000000, 0x0000000090100000|  0%| F|  |TAMS 0x0000000090000000| PB 0x0000000090000000| Untracked 
| 257|0x0000000090100000, 0x0000000090100000, 0x0000000090200000|  0%| F|  |TAMS 0x0000000090100000| PB 0x0000000090100000| Untracked 
| 258|0x0000000090200000, 0x0000000090200000, 0x0000000090300000|  0%| F|  |TAMS 0x0000000090200000| PB 0x0000000090200000| Untracked 
| 259|0x0000000090300000, 0x0000000090300000, 0x0000000090400000|  0%| F|  |TAMS 0x0000000090300000| PB 0x0000000090300000| Untracked 
| 260|0x0000000090400000, 0x0000000090400000, 0x0000000090500000|  0%| F|  |TAMS 0x0000000090400000| PB 0x0000000090400000| Untracked 
| 261|0x0000000090500000, 0x0000000090500000, 0x0000000090600000|  0%| F|  |TAMS 0x0000000090500000| PB 0x0000000090500000| Untracked 
| 262|0x0000000090600000, 0x0000000090600000, 0x0000000090700000|  0%| F|  |TAMS 0x0000000090600000| PB 0x0000000090600000| Untracked 
| 263|0x0000000090700000, 0x0000000090700000, 0x0000000090800000|  0%| F|  |TAMS 0x0000000090700000| PB 0x0000000090700000| Untracked 
| 264|0x0000000090800000, 0x0000000090800000, 0x0000000090900000|  0%| F|  |TAMS 0x0000000090800000| PB 0x0000000090800000| Untracked 
| 265|0x0000000090900000, 0x0000000090900000, 0x0000000090a00000|  0%| F|  |TAMS 0x0000000090900000| PB 0x0000000090900000| Untracked 
| 266|0x0000000090a00000, 0x0000000090a00000, 0x0000000090b00000|  0%| F|  |TAMS 0x0000000090a00000| PB 0x0000000090a00000| Untracked 
| 267|0x0000000090b00000, 0x0000000090b00000, 0x0000000090c00000|  0%| F|  |TAMS 0x0000000090b00000| PB 0x0000000090b00000| Untracked 
| 268|0x0000000090c00000, 0x0000000090c00000, 0x0000000090d00000|  0%| F|  |TAMS 0x0000000090c00000| PB 0x0000000090c00000| Untracked 
| 269|0x0000000090d00000, 0x0000000090d00000, 0x0000000090e00000|  0%| F|  |TAMS 0x0000000090d00000| PB 0x0000000090d00000| Untracked 
| 270|0x0000000090e00000, 0x0000000090e00000, 0x0000000090f00000|  0%| F|  |TAMS 0x0000000090e00000| PB 0x0000000090e00000| Untracked 
| 271|0x0000000090f00000, 0x0000000090f00000, 0x0000000091000000|  0%| F|  |TAMS 0x0000000090f00000| PB 0x0000000090f00000| Untracked 
| 272|0x0000000091000000, 0x0000000091000000, 0x0000000091100000|  0%| F|  |TAMS 0x0000000091000000| PB 0x0000000091000000| Untracked 
| 273|0x0000000091100000, 0x0000000091100000, 0x0000000091200000|  0%| F|  |TAMS 0x0000000091100000| PB 0x0000000091100000| Untracked 
| 274|0x0000000091200000, 0x0000000091200000, 0x0000000091300000|  0%| F|  |TAMS 0x0000000091200000| PB 0x0000000091200000| Untracked 
| 275|0x0000000091300000, 0x0000000091300000, 0x0000000091400000|  0%| F|  |TAMS 0x0000000091300000| PB 0x0000000091300000| Untracked 
| 276|0x0000000091400000, 0x0000000091400000, 0x0000000091500000|  0%| F|  |TAMS 0x0000000091400000| PB 0x0000000091400000| Untracked 
| 277|0x0000000091500000, 0x0000000091500000, 0x0000000091600000|  0%| F|  |TAMS 0x0000000091500000| PB 0x0000000091500000| Untracked 
| 278|0x0000000091600000, 0x0000000091600000, 0x0000000091700000|  0%| F|  |TAMS 0x0000000091600000| PB 0x0000000091600000| Untracked 
| 279|0x0000000091700000, 0x0000000091700000, 0x0000000091800000|  0%| F|  |TAMS 0x0000000091700000| PB 0x0000000091700000| Untracked 
| 280|0x0000000091800000, 0x0000000091800000, 0x0000000091900000|  0%| F|  |TAMS 0x0000000091800000| PB 0x0000000091800000| Untracked 
| 281|0x0000000091900000, 0x0000000091900000, 0x0000000091a00000|  0%| F|  |TAMS 0x0000000091900000| PB 0x0000000091900000| Untracked 
| 282|0x0000000091a00000, 0x0000000091a00000, 0x0000000091b00000|  0%| F|  |TAMS 0x0000000091a00000| PB 0x0000000091a00000| Untracked 
| 283|0x0000000091b00000, 0x0000000091b00000, 0x0000000091c00000|  0%| F|  |TAMS 0x0000000091b00000| PB 0x0000000091b00000| Untracked 
| 284|0x0000000091c00000, 0x0000000091c00000, 0x0000000091d00000|  0%| F|  |TAMS 0x0000000091c00000| PB 0x0000000091c00000| Untracked 
| 285|0x0000000091d00000, 0x0000000091d00000, 0x0000000091e00000|  0%| F|  |TAMS 0x0000000091d00000| PB 0x0000000091d00000| Untracked 
| 286|0x0000000091e00000, 0x0000000091e00000, 0x0000000091f00000|  0%| F|  |TAMS 0x0000000091e00000| PB 0x0000000091e00000| Untracked 
| 287|0x0000000091f00000, 0x0000000091f00000, 0x0000000092000000|  0%| F|  |TAMS 0x0000000091f00000| PB 0x0000000091f00000| Untracked 
| 288|0x0000000092000000, 0x0000000092000000, 0x0000000092100000|  0%| F|  |TAMS 0x0000000092000000| PB 0x0000000092000000| Untracked 
| 289|0x0000000092100000, 0x0000000092100000, 0x0000000092200000|  0%| F|  |TAMS 0x0000000092100000| PB 0x0000000092100000| Untracked 
| 290|0x0000000092200000, 0x0000000092200000, 0x0000000092300000|  0%| F|  |TAMS 0x0000000092200000| PB 0x0000000092200000| Untracked 
| 291|0x0000000092300000, 0x0000000092300000, 0x0000000092400000|  0%| F|  |TAMS 0x0000000092300000| PB 0x0000000092300000| Untracked 
| 292|0x0000000092400000, 0x0000000092400000, 0x0000000092500000|  0%| F|  |TAMS 0x0000000092400000| PB 0x0000000092400000| Untracked 
| 293|0x0000000092500000, 0x0000000092500000, 0x0000000092600000|  0%| F|  |TAMS 0x0000000092500000| PB 0x0000000092500000| Untracked 
| 294|0x0000000092600000, 0x0000000092600000, 0x0000000092700000|  0%| F|  |TAMS 0x0000000092600000| PB 0x0000000092600000| Untracked 
| 295|0x0000000092700000, 0x0000000092700000, 0x0000000092800000|  0%| F|  |TAMS 0x0000000092700000| PB 0x0000000092700000| Untracked 
| 296|0x0000000092800000, 0x0000000092800000, 0x0000000092900000|  0%| F|  |TAMS 0x0000000092800000| PB 0x0000000092800000| Untracked 
| 297|0x0000000092900000, 0x0000000092900000, 0x0000000092a00000|  0%| F|  |TAMS 0x0000000092900000| PB 0x0000000092900000| Untracked 
| 298|0x0000000092a00000, 0x0000000092a00000, 0x0000000092b00000|  0%| F|  |TAMS 0x0000000092a00000| PB 0x0000000092a00000| Untracked 
| 299|0x0000000092b00000, 0x0000000092b00000, 0x0000000092c00000|  0%| F|  |TAMS 0x0000000092b00000| PB 0x0000000092b00000| Untracked 
| 300|0x0000000092c00000, 0x0000000092c00000, 0x0000000092d00000|  0%| F|  |TAMS 0x0000000092c00000| PB 0x0000000092c00000| Untracked 
| 301|0x0000000092d00000, 0x0000000092d00000, 0x0000000092e00000|  0%| F|  |TAMS 0x0000000092d00000| PB 0x0000000092d00000| Untracked 
| 302|0x0000000092e00000, 0x0000000092e00000, 0x0000000092f00000|  0%| F|  |TAMS 0x0000000092e00000| PB 0x0000000092e00000| Untracked 
| 303|0x0000000092f00000, 0x0000000092f00000, 0x0000000093000000|  0%| F|  |TAMS 0x0000000092f00000| PB 0x0000000092f00000| Untracked 
| 304|0x0000000093000000, 0x0000000093000000, 0x0000000093100000|  0%| F|  |TAMS 0x0000000093000000| PB 0x0000000093000000| Untracked 
| 305|0x0000000093100000, 0x0000000093100000, 0x0000000093200000|  0%| F|  |TAMS 0x0000000093100000| PB 0x0000000093100000| Untracked 
| 306|0x0000000093200000, 0x0000000093200000, 0x0000000093300000|  0%| F|  |TAMS 0x0000000093200000| PB 0x0000000093200000| Untracked 
| 307|0x0000000093300000, 0x0000000093300000, 0x0000000093400000|  0%| F|  |TAMS 0x0000000093300000| PB 0x0000000093300000| Untracked 
| 308|0x0000000093400000, 0x0000000093400000, 0x0000000093500000|  0%| F|  |TAMS 0x0000000093400000| PB 0x0000000093400000| Untracked 
| 309|0x0000000093500000, 0x0000000093500000, 0x0000000093600000|  0%| F|  |TAMS 0x0000000093500000| PB 0x0000000093500000| Untracked 
| 310|0x0000000093600000, 0x0000000093600000, 0x0000000093700000|  0%| F|  |TAMS 0x0000000093600000| PB 0x0000000093600000| Untracked 
| 311|0x0000000093700000, 0x0000000093700000, 0x0000000093800000|  0%| F|  |TAMS 0x0000000093700000| PB 0x0000000093700000| Untracked 
| 312|0x0000000093800000, 0x0000000093800000, 0x0000000093900000|  0%| F|  |TAMS 0x0000000093800000| PB 0x0000000093800000| Untracked 
| 313|0x0000000093900000, 0x0000000093900000, 0x0000000093a00000|  0%| F|  |TAMS 0x0000000093900000| PB 0x0000000093900000| Untracked 
| 314|0x0000000093a00000, 0x0000000093a00000, 0x0000000093b00000|  0%| F|  |TAMS 0x0000000093a00000| PB 0x0000000093a00000| Untracked 
| 315|0x0000000093b00000, 0x0000000093b00000, 0x0000000093c00000|  0%| F|  |TAMS 0x0000000093b00000| PB 0x0000000093b00000| Untracked 
| 316|0x0000000093c00000, 0x0000000093c00000, 0x0000000093d00000|  0%| F|  |TAMS 0x0000000093c00000| PB 0x0000000093c00000| Untracked 
| 317|0x0000000093d00000, 0x0000000093d00000, 0x0000000093e00000|  0%| F|  |TAMS 0x0000000093d00000| PB 0x0000000093d00000| Untracked 
| 318|0x0000000093e00000, 0x0000000093e00000, 0x0000000093f00000|  0%| F|  |TAMS 0x0000000093e00000| PB 0x0000000093e00000| Untracked 
| 319|0x0000000093f00000, 0x0000000093f00000, 0x0000000094000000|  0%| F|  |TAMS 0x0000000093f00000| PB 0x0000000093f00000| Untracked 
| 320|0x0000000094000000, 0x0000000094000000, 0x0000000094100000|  0%| F|  |TAMS 0x0000000094000000| PB 0x0000000094000000| Untracked 
| 321|0x0000000094100000, 0x0000000094100000, 0x0000000094200000|  0%| F|  |TAMS 0x0000000094100000| PB 0x0000000094100000| Untracked 
| 322|0x0000000094200000, 0x0000000094200000, 0x0000000094300000|  0%| F|  |TAMS 0x0000000094200000| PB 0x0000000094200000| Untracked 
| 323|0x0000000094300000, 0x0000000094300000, 0x0000000094400000|  0%| F|  |TAMS 0x0000000094300000| PB 0x0000000094300000| Untracked 
| 324|0x0000000094400000, 0x0000000094400000, 0x0000000094500000|  0%| F|  |TAMS 0x0000000094400000| PB 0x0000000094400000| Untracked 
| 325|0x0000000094500000, 0x0000000094500000, 0x0000000094600000|  0%| F|  |TAMS 0x0000000094500000| PB 0x0000000094500000| Untracked 
| 326|0x0000000094600000, 0x0000000094600000, 0x0000000094700000|  0%| F|  |TAMS 0x0000000094600000| PB 0x0000000094600000| Untracked 
| 327|0x0000000094700000, 0x0000000094700000, 0x0000000094800000|  0%| F|  |TAMS 0x0000000094700000| PB 0x0000000094700000| Untracked 
| 328|0x0000000094800000, 0x0000000094800000, 0x0000000094900000|  0%| F|  |TAMS 0x0000000094800000| PB 0x0000000094800000| Untracked 
| 329|0x0000000094900000, 0x0000000094900000, 0x0000000094a00000|  0%| F|  |TAMS 0x0000000094900000| PB 0x0000000094900000| Untracked 
| 330|0x0000000094a00000, 0x0000000094a00000, 0x0000000094b00000|  0%| F|  |TAMS 0x0000000094a00000| PB 0x0000000094a00000| Untracked 
| 331|0x0000000094b00000, 0x0000000094b00000, 0x0000000094c00000|  0%| F|  |TAMS 0x0000000094b00000| PB 0x0000000094b00000| Untracked 
| 332|0x0000000094c00000, 0x0000000094c00000, 0x0000000094d00000|  0%| F|  |TAMS 0x0000000094c00000| PB 0x0000000094c00000| Untracked 
| 333|0x0000000094d00000, 0x0000000094d00000, 0x0000000094e00000|  0%| F|  |TAMS 0x0000000094d00000| PB 0x0000000094d00000| Untracked 
| 334|0x0000000094e00000, 0x0000000094e00000, 0x0000000094f00000|  0%| F|  |TAMS 0x0000000094e00000| PB 0x0000000094e00000| Untracked 
| 335|0x0000000094f00000, 0x0000000094f00000, 0x0000000095000000|  0%| F|  |TAMS 0x0000000094f00000| PB 0x0000000094f00000| Untracked 
| 336|0x0000000095000000, 0x0000000095000000, 0x0000000095100000|  0%| F|  |TAMS 0x0000000095000000| PB 0x0000000095000000| Untracked 
| 337|0x0000000095100000, 0x0000000095100000, 0x0000000095200000|  0%| F|  |TAMS 0x0000000095100000| PB 0x0000000095100000| Untracked 
| 338|0x0000000095200000, 0x0000000095200000, 0x0000000095300000|  0%| F|  |TAMS 0x0000000095200000| PB 0x0000000095200000| Untracked 
| 339|0x0000000095300000, 0x0000000095300000, 0x0000000095400000|  0%| F|  |TAMS 0x0000000095300000| PB 0x0000000095300000| Untracked 
| 340|0x0000000095400000, 0x0000000095400000, 0x0000000095500000|  0%| F|  |TAMS 0x0000000095400000| PB 0x0000000095400000| Untracked 
| 341|0x0000000095500000, 0x0000000095500000, 0x0000000095600000|  0%| F|  |TAMS 0x0000000095500000| PB 0x0000000095500000| Untracked 
| 342|0x0000000095600000, 0x0000000095600000, 0x0000000095700000|  0%| F|  |TAMS 0x0000000095600000| PB 0x0000000095600000| Untracked 
| 343|0x0000000095700000, 0x0000000095700000, 0x0000000095800000|  0%| F|  |TAMS 0x0000000095700000| PB 0x0000000095700000| Untracked 
| 344|0x0000000095800000, 0x0000000095800000, 0x0000000095900000|  0%| F|  |TAMS 0x0000000095800000| PB 0x0000000095800000| Untracked 
| 345|0x0000000095900000, 0x0000000095900000, 0x0000000095a00000|  0%| F|  |TAMS 0x0000000095900000| PB 0x0000000095900000| Untracked 
| 346|0x0000000095a00000, 0x0000000095a00000, 0x0000000095b00000|  0%| F|  |TAMS 0x0000000095a00000| PB 0x0000000095a00000| Untracked 
| 347|0x0000000095b00000, 0x0000000095b00000, 0x0000000095c00000|  0%| F|  |TAMS 0x0000000095b00000| PB 0x0000000095b00000| Untracked 
| 348|0x0000000095c00000, 0x0000000095c00000, 0x0000000095d00000|  0%| F|  |TAMS 0x0000000095c00000| PB 0x0000000095c00000| Untracked 
| 349|0x0000000095d00000, 0x0000000095d00000, 0x0000000095e00000|  0%| F|  |TAMS 0x0000000095d00000| PB 0x0000000095d00000| Untracked 
| 350|0x0000000095e00000, 0x0000000095e00000, 0x0000000095f00000|  0%| F|  |TAMS 0x0000000095e00000| PB 0x0000000095e00000| Untracked 
| 351|0x0000000095f00000, 0x0000000095f00000, 0x0000000096000000|  0%| F|  |TAMS 0x0000000095f00000| PB 0x0000000095f00000| Untracked 
| 352|0x0000000096000000, 0x0000000096000000, 0x0000000096100000|  0%| F|  |TAMS 0x0000000096000000| PB 0x0000000096000000| Untracked 
| 353|0x0000000096100000, 0x0000000096100000, 0x0000000096200000|  0%| F|  |TAMS 0x0000000096100000| PB 0x0000000096100000| Untracked 
| 354|0x0000000096200000, 0x0000000096200000, 0x0000000096300000|  0%| F|  |TAMS 0x0000000096200000| PB 0x0000000096200000| Untracked 
| 355|0x0000000096300000, 0x0000000096300000, 0x0000000096400000|  0%| F|  |TAMS 0x0000000096300000| PB 0x0000000096300000| Untracked 
| 356|0x0000000096400000, 0x0000000096400000, 0x0000000096500000|  0%| F|  |TAMS 0x0000000096400000| PB 0x0000000096400000| Untracked 
| 357|0x0000000096500000, 0x0000000096500000, 0x0000000096600000|  0%| F|  |TAMS 0x0000000096500000| PB 0x0000000096500000| Untracked 
| 358|0x0000000096600000, 0x0000000096600000, 0x0000000096700000|  0%| F|  |TAMS 0x0000000096600000| PB 0x0000000096600000| Untracked 
| 359|0x0000000096700000, 0x0000000096700000, 0x0000000096800000|  0%| F|  |TAMS 0x0000000096700000| PB 0x0000000096700000| Untracked 
| 360|0x0000000096800000, 0x0000000096800000, 0x0000000096900000|  0%| F|  |TAMS 0x0000000096800000| PB 0x0000000096800000| Untracked 
| 361|0x0000000096900000, 0x0000000096900000, 0x0000000096a00000|  0%| F|  |TAMS 0x0000000096900000| PB 0x0000000096900000| Untracked 
| 362|0x0000000096a00000, 0x0000000096a00000, 0x0000000096b00000|  0%| F|  |TAMS 0x0000000096a00000| PB 0x0000000096a00000| Untracked 
| 363|0x0000000096b00000, 0x0000000096b00000, 0x0000000096c00000|  0%| F|  |TAMS 0x0000000096b00000| PB 0x0000000096b00000| Untracked 
| 364|0x0000000096c00000, 0x0000000096c00000, 0x0000000096d00000|  0%| F|  |TAMS 0x0000000096c00000| PB 0x0000000096c00000| Untracked 
| 365|0x0000000096d00000, 0x0000000096d00000, 0x0000000096e00000|  0%| F|  |TAMS 0x0000000096d00000| PB 0x0000000096d00000| Untracked 
| 366|0x0000000096e00000, 0x0000000096e00000, 0x0000000096f00000|  0%| F|  |TAMS 0x0000000096e00000| PB 0x0000000096e00000| Untracked 
| 367|0x0000000096f00000, 0x0000000096f00000, 0x0000000097000000|  0%| F|  |TAMS 0x0000000096f00000| PB 0x0000000096f00000| Untracked 
| 368|0x0000000097000000, 0x0000000097000000, 0x0000000097100000|  0%| F|  |TAMS 0x0000000097000000| PB 0x0000000097000000| Untracked 
| 369|0x0000000097100000, 0x0000000097100000, 0x0000000097200000|  0%| F|  |TAMS 0x0000000097100000| PB 0x0000000097100000| Untracked 
| 370|0x0000000097200000, 0x0000000097200000, 0x0000000097300000|  0%| F|  |TAMS 0x0000000097200000| PB 0x0000000097200000| Untracked 
| 371|0x0000000097300000, 0x00000000973d4cb8, 0x0000000097400000| 83%| E|  |TAMS 0x0000000097300000| PB 0x0000000097300000| Complete 
| 372|0x0000000097400000, 0x0000000097500000, 0x0000000097500000|100%| E|CS|TAMS 0x0000000097400000| PB 0x0000000097400000| Complete 
| 373|0x0000000097500000, 0x0000000097600000, 0x0000000097600000|100%| E|CS|TAMS 0x0000000097500000| PB 0x0000000097500000| Complete 
| 374|0x0000000097600000, 0x0000000097700000, 0x0000000097700000|100%| E|CS|TAMS 0x0000000097600000| PB 0x0000000097600000| Complete 
| 375|0x0000000097700000, 0x0000000097800000, 0x0000000097800000|100%| E|CS|TAMS 0x0000000097700000| PB 0x0000000097700000| Complete 
| 376|0x0000000097800000, 0x0000000097900000, 0x0000000097900000|100%| E|CS|TAMS 0x0000000097800000| PB 0x0000000097800000| Complete 
| 377|0x0000000097900000, 0x0000000097a00000, 0x0000000097a00000|100%| E|CS|TAMS 0x0000000097900000| PB 0x0000000097900000| Complete 
| 378|0x0000000097a00000, 0x0000000097b00000, 0x0000000097b00000|100%| E|CS|TAMS 0x0000000097a00000| PB 0x0000000097a00000| Complete 
| 379|0x0000000097b00000, 0x0000000097c00000, 0x0000000097c00000|100%| E|CS|TAMS 0x0000000097b00000| PB 0x0000000097b00000| Complete 
| 380|0x0000000097c00000, 0x0000000097d00000, 0x0000000097d00000|100%| E|CS|TAMS 0x0000000097c00000| PB 0x0000000097c00000| Complete 
| 381|0x0000000097d00000, 0x0000000097e00000, 0x0000000097e00000|100%| E|CS|TAMS 0x0000000097d00000| PB 0x0000000097d00000| Complete 
| 382|0x0000000097e00000, 0x0000000097f00000, 0x0000000097f00000|100%| E|CS|TAMS 0x0000000097e00000| PB 0x0000000097e00000| Complete 
| 383|0x0000000097f00000, 0x0000000098000000, 0x0000000098000000|100%| E|CS|TAMS 0x0000000097f00000| PB 0x0000000097f00000| Complete 
| 384|0x0000000098000000, 0x0000000098100000, 0x0000000098100000|100%| E|CS|TAMS 0x0000000098000000| PB 0x0000000098000000| Complete 
| 385|0x0000000098100000, 0x0000000098200000, 0x0000000098200000|100%| E|CS|TAMS 0x0000000098100000| PB 0x0000000098100000| Complete 
| 386|0x0000000098200000, 0x0000000098300000, 0x0000000098300000|100%| E|CS|TAMS 0x0000000098200000| PB 0x0000000098200000| Complete 
| 387|0x0000000098300000, 0x0000000098400000, 0x0000000098400000|100%| E|CS|TAMS 0x0000000098300000| PB 0x0000000098300000| Complete 
| 388|0x0000000098400000, 0x0000000098500000, 0x0000000098500000|100%| E|CS|TAMS 0x0000000098400000| PB 0x0000000098400000| Complete 
| 389|0x0000000098500000, 0x0000000098600000, 0x0000000098600000|100%| E|CS|TAMS 0x0000000098500000| PB 0x0000000098500000| Complete 
| 390|0x0000000098600000, 0x0000000098700000, 0x0000000098700000|100%| E|CS|TAMS 0x0000000098600000| PB 0x0000000098600000| Complete 
| 391|0x0000000098700000, 0x0000000098800000, 0x0000000098800000|100%| E|CS|TAMS 0x0000000098700000| PB 0x0000000098700000| Complete 
| 392|0x0000000098800000, 0x0000000098900000, 0x0000000098900000|100%| E|CS|TAMS 0x0000000098800000| PB 0x0000000098800000| Complete 
| 393|0x0000000098900000, 0x0000000098a00000, 0x0000000098a00000|100%| E|CS|TAMS 0x0000000098900000| PB 0x0000000098900000| Complete 
| 394|0x0000000098a00000, 0x0000000098b00000, 0x0000000098b00000|100%| E|CS|TAMS 0x0000000098a00000| PB 0x0000000098a00000| Complete 
| 395|0x0000000098b00000, 0x0000000098c00000, 0x0000000098c00000|100%| E|CS|TAMS 0x0000000098b00000| PB 0x0000000098b00000| Complete 
| 396|0x0000000098c00000, 0x0000000098d00000, 0x0000000098d00000|100%| E|CS|TAMS 0x0000000098c00000| PB 0x0000000098c00000| Complete 
| 397|0x0000000098d00000, 0x0000000098e00000, 0x0000000098e00000|100%| E|CS|TAMS 0x0000000098d00000| PB 0x0000000098d00000| Complete 
| 398|0x0000000098e00000, 0x0000000098f00000, 0x0000000098f00000|100%| E|CS|TAMS 0x0000000098e00000| PB 0x0000000098e00000| Complete 
| 399|0x0000000098f00000, 0x0000000099000000, 0x0000000099000000|100%| E|CS|TAMS 0x0000000098f00000| PB 0x0000000098f00000| Complete 
| 400|0x0000000099000000, 0x0000000099100000, 0x0000000099100000|100%| E|CS|TAMS 0x0000000099000000| PB 0x0000000099000000| Complete 
| 401|0x0000000099100000, 0x0000000099200000, 0x0000000099200000|100%| E|CS|TAMS 0x0000000099100000| PB 0x0000000099100000| Complete 
| 402|0x0000000099200000, 0x0000000099300000, 0x0000000099300000|100%| E|CS|TAMS 0x0000000099200000| PB 0x0000000099200000| Complete 
| 403|0x0000000099300000, 0x00000000993df8a8, 0x0000000099400000| 87%| S|CS|TAMS 0x0000000099300000| PB 0x0000000099300000| Complete 
| 404|0x0000000099400000, 0x0000000099500000, 0x0000000099500000|100%| S|CS|TAMS 0x0000000099400000| PB 0x0000000099400000| Complete 
| 405|0x0000000099500000, 0x0000000099600000, 0x0000000099600000|100%| S|CS|TAMS 0x0000000099500000| PB 0x0000000099500000| Complete 
| 406|0x0000000099600000, 0x0000000099700000, 0x0000000099700000|100%| S|CS|TAMS 0x0000000099600000| PB 0x0000000099600000| Complete 
| 407|0x0000000099700000, 0x0000000099800000, 0x0000000099800000|100%| S|CS|TAMS 0x0000000099700000| PB 0x0000000099700000| Complete 
| 408|0x0000000099800000, 0x0000000099900000, 0x0000000099900000|100%| E|CS|TAMS 0x0000000099800000| PB 0x0000000099800000| Complete 
| 409|0x0000000099900000, 0x0000000099a00000, 0x0000000099a00000|100%| E|CS|TAMS 0x0000000099900000| PB 0x0000000099900000| Complete 
| 410|0x0000000099a00000, 0x0000000099b00000, 0x0000000099b00000|100%| E|CS|TAMS 0x0000000099a00000| PB 0x0000000099a00000| Complete 
| 411|0x0000000099b00000, 0x0000000099c00000, 0x0000000099c00000|100%| E|CS|TAMS 0x0000000099b00000| PB 0x0000000099b00000| Complete 
| 412|0x0000000099c00000, 0x0000000099d00000, 0x0000000099d00000|100%| E|CS|TAMS 0x0000000099c00000| PB 0x0000000099c00000| Complete 
| 413|0x0000000099d00000, 0x0000000099e00000, 0x0000000099e00000|100%| E|CS|TAMS 0x0000000099d00000| PB 0x0000000099d00000| Complete 
| 414|0x0000000099e00000, 0x0000000099f00000, 0x0000000099f00000|100%| E|CS|TAMS 0x0000000099e00000| PB 0x0000000099e00000| Complete 
| 415|0x0000000099f00000, 0x000000009a000000, 0x000000009a000000|100%| E|CS|TAMS 0x0000000099f00000| PB 0x0000000099f00000| Complete 
| 416|0x000000009a000000, 0x000000009a100000, 0x000000009a100000|100%| E|CS|TAMS 0x000000009a000000| PB 0x000000009a000000| Complete 
| 417|0x000000009a100000, 0x000000009a200000, 0x000000009a200000|100%| E|CS|TAMS 0x000000009a100000| PB 0x000000009a100000| Complete 
| 418|0x000000009a200000, 0x000000009a300000, 0x000000009a300000|100%| E|CS|TAMS 0x000000009a200000| PB 0x000000009a200000| Complete 
| 419|0x000000009a300000, 0x000000009a400000, 0x000000009a400000|100%| E|CS|TAMS 0x000000009a300000| PB 0x000000009a300000| Complete 
| 420|0x000000009a400000, 0x000000009a500000, 0x000000009a500000|100%| E|CS|TAMS 0x000000009a400000| PB 0x000000009a400000| Complete 
| 421|0x000000009a500000, 0x000000009a600000, 0x000000009a600000|100%| E|CS|TAMS 0x000000009a500000| PB 0x000000009a500000| Complete 
| 422|0x000000009a600000, 0x000000009a700000, 0x000000009a700000|100%| E|CS|TAMS 0x000000009a600000| PB 0x000000009a600000| Complete 
| 423|0x000000009a700000, 0x000000009a800000, 0x000000009a800000|100%| E|CS|TAMS 0x000000009a700000| PB 0x000000009a700000| Complete 
| 424|0x000000009a800000, 0x000000009a900000, 0x000000009a900000|100%| E|CS|TAMS 0x000000009a800000| PB 0x000000009a800000| Complete 
| 425|0x000000009a900000, 0x000000009aa00000, 0x000000009aa00000|100%| E|CS|TAMS 0x000000009a900000| PB 0x000000009a900000| Complete 
| 426|0x000000009aa00000, 0x000000009ab00000, 0x000000009ab00000|100%| E|CS|TAMS 0x000000009aa00000| PB 0x000000009aa00000| Complete 
| 427|0x000000009ab00000, 0x000000009ac00000, 0x000000009ac00000|100%| E|CS|TAMS 0x000000009ab00000| PB 0x000000009ab00000| Complete 
| 428|0x000000009ac00000, 0x000000009ad00000, 0x000000009ad00000|100%| E|CS|TAMS 0x000000009ac00000| PB 0x000000009ac00000| Complete 
| 429|0x000000009ad00000, 0x000000009ae00000, 0x000000009ae00000|100%| E|CS|TAMS 0x000000009ad00000| PB 0x000000009ad00000| Complete 
| 430|0x000000009ae00000, 0x000000009af00000, 0x000000009af00000|100%| E|CS|TAMS 0x000000009ae00000| PB 0x000000009ae00000| Complete 
| 431|0x000000009af00000, 0x000000009b000000, 0x000000009b000000|100%| E|CS|TAMS 0x000000009af00000| PB 0x000000009af00000| Complete 
| 432|0x000000009b000000, 0x000000009b100000, 0x000000009b100000|100%| E|CS|TAMS 0x000000009b000000| PB 0x000000009b000000| Complete 
| 433|0x000000009b100000, 0x000000009b200000, 0x000000009b200000|100%| E|CS|TAMS 0x000000009b100000| PB 0x000000009b100000| Complete 
| 434|0x000000009b200000, 0x000000009b300000, 0x000000009b300000|100%| E|CS|TAMS 0x000000009b200000| PB 0x000000009b200000| Complete 
| 435|0x000000009b300000, 0x000000009b400000, 0x000000009b400000|100%| E|CS|TAMS 0x000000009b300000| PB 0x000000009b300000| Complete 
| 436|0x000000009b400000, 0x000000009b500000, 0x000000009b500000|100%| E|CS|TAMS 0x000000009b400000| PB 0x000000009b400000| Complete 
| 437|0x000000009b500000, 0x000000009b600000, 0x000000009b600000|100%| E|CS|TAMS 0x000000009b500000| PB 0x000000009b500000| Complete 
| 438|0x000000009b600000, 0x000000009b700000, 0x000000009b700000|100%| E|CS|TAMS 0x000000009b600000| PB 0x000000009b600000| Complete 
| 439|0x000000009b700000, 0x000000009b800000, 0x000000009b800000|100%| E|CS|TAMS 0x000000009b700000| PB 0x000000009b700000| Complete 
| 440|0x000000009b800000, 0x000000009b900000, 0x000000009b900000|100%| E|CS|TAMS 0x000000009b800000| PB 0x000000009b800000| Complete 
| 441|0x000000009b900000, 0x000000009ba00000, 0x000000009ba00000|100%| E|CS|TAMS 0x000000009b900000| PB 0x000000009b900000| Complete 
| 442|0x000000009ba00000, 0x000000009bb00000, 0x000000009bb00000|100%| E|CS|TAMS 0x000000009ba00000| PB 0x000000009ba00000| Complete 
|1983|0x00000000fbf00000, 0x00000000fc000000, 0x00000000fc000000|100%| O|Cm|TAMS 0x00000000fbf00000| PB 0x00000000fbf00000| Complete 
|1984|0x00000000fc000000, 0x00000000fc100000, 0x00000000fc100000|100%| O|Cm|TAMS 0x00000000fc000000| PB 0x00000000fc000000| Complete 
|1985|0x00000000fc100000, 0x00000000fc200000, 0x00000000fc200000|100%| O|  |TAMS 0x00000000fc100000| PB 0x00000000fc100000| Untracked 
|1986|0x00000000fc200000, 0x00000000fc300000, 0x00000000fc300000|100%| O|  |TAMS 0x00000000fc200000| PB 0x00000000fc200000| Untracked 
|1987|0x00000000fc300000, 0x00000000fc400000, 0x00000000fc400000|100%| E|CS|TAMS 0x00000000fc300000| PB 0x00000000fc300000| Complete 
|1988|0x00000000fc400000, 0x00000000fc500000, 0x00000000fc500000|100%| O|Cm|TAMS 0x00000000fc400000| PB 0x00000000fc400000| Complete 
|1989|0x00000000fc500000, 0x00000000fc600000, 0x00000000fc600000|100%| E|CS|TAMS 0x00000000fc500000| PB 0x00000000fc500000| Complete 
|1990|0x00000000fc600000, 0x00000000fc700000, 0x00000000fc700000|100%| O|Cm|TAMS 0x00000000fc600000| PB 0x00000000fc600000| Complete 
|1991|0x00000000fc700000, 0x00000000fc800000, 0x00000000fc800000|100%| O|Cm|TAMS 0x00000000fc700000| PB 0x00000000fc700000| Complete 
|1992|0x00000000fc800000, 0x00000000fc900000, 0x00000000fc900000|100%| O|Cm|TAMS 0x00000000fc800000| PB 0x00000000fc800000| Complete 
|1993|0x00000000fc900000, 0x00000000fca00000, 0x00000000fca00000|100%| O|  |TAMS 0x00000000fc900000| PB 0x00000000fc900000| Untracked 
|1994|0x00000000fca00000, 0x00000000fcb00000, 0x00000000fcb00000|100%| O|  |TAMS 0x00000000fca00000| PB 0x00000000fca00000| Untracked 
|1995|0x00000000fcb00000, 0x00000000fcc00000, 0x00000000fcc00000|100%| E|CS|TAMS 0x00000000fcb00000| PB 0x00000000fcb00000| Complete 
|1996|0x00000000fcc00000, 0x00000000fcd00000, 0x00000000fcd00000|100%| E|CS|TAMS 0x00000000fcc00000| PB 0x00000000fcc00000| Complete 
|1997|0x00000000fcd00000, 0x00000000fce00000, 0x00000000fce00000|100%| E|CS|TAMS 0x00000000fcd00000| PB 0x00000000fcd00000| Complete 
|1998|0x00000000fce00000, 0x00000000fcf00000, 0x00000000fcf00000|100%| E|CS|TAMS 0x00000000fce00000| PB 0x00000000fce00000| Complete 
|1999|0x00000000fcf00000, 0x00000000fd000000, 0x00000000fd000000|100%| E|CS|TAMS 0x00000000fcf00000| PB 0x00000000fcf00000| Complete 
|2000|0x00000000fd000000, 0x00000000fd100000, 0x00000000fd100000|100%| E|CS|TAMS 0x00000000fd000000| PB 0x00000000fd000000| Complete 
|2001|0x00000000fd100000, 0x00000000fd200000, 0x00000000fd200000|100%| E|CS|TAMS 0x00000000fd100000| PB 0x00000000fd100000| Complete 
|2002|0x00000000fd200000, 0x00000000fd300000, 0x00000000fd300000|100%| E|CS|TAMS 0x00000000fd200000| PB 0x00000000fd200000| Complete 
|2003|0x00000000fd300000, 0x00000000fd400000, 0x00000000fd400000|100%| E|CS|TAMS 0x00000000fd300000| PB 0x00000000fd300000| Complete 
|2004|0x00000000fd400000, 0x00000000fd500000, 0x00000000fd500000|100%| E|CS|TAMS 0x00000000fd400000| PB 0x00000000fd400000| Complete 
|2005|0x00000000fd500000, 0x00000000fd600000, 0x00000000fd600000|100%| E|CS|TAMS 0x00000000fd500000| PB 0x00000000fd500000| Complete 
|2006|0x00000000fd600000, 0x00000000fd700000, 0x00000000fd700000|100%| E|CS|TAMS 0x00000000fd600000| PB 0x00000000fd600000| Complete 
|2007|0x00000000fd700000, 0x00000000fd800000, 0x00000000fd800000|100%| E|CS|TAMS 0x00000000fd700000| PB 0x00000000fd700000| Complete 
|2008|0x00000000fd800000, 0x00000000fd900000, 0x00000000fd900000|100%| E|CS|TAMS 0x00000000fd800000| PB 0x00000000fd800000| Complete 
|2009|0x00000000fd900000, 0x00000000fda00000, 0x00000000fda00000|100%| E|CS|TAMS 0x00000000fd900000| PB 0x00000000fd900000| Complete 
|2010|0x00000000fda00000, 0x00000000fdb00000, 0x00000000fdb00000|100%| E|CS|TAMS 0x00000000fda00000| PB 0x00000000fda00000| Complete 
|2011|0x00000000fdb00000, 0x00000000fdc00000, 0x00000000fdc00000|100%| E|CS|TAMS 0x00000000fdb00000| PB 0x00000000fdb00000| Complete 
|2012|0x00000000fdc00000, 0x00000000fdd00000, 0x00000000fdd00000|100%| E|CS|TAMS 0x00000000fdc00000| PB 0x00000000fdc00000| Complete 
|2013|0x00000000fdd00000, 0x00000000fde00000, 0x00000000fde00000|100%| E|CS|TAMS 0x00000000fdd00000| PB 0x00000000fdd00000| Complete 
|2014|0x00000000fde00000, 0x00000000fdf00000, 0x00000000fdf00000|100%| E|CS|TAMS 0x00000000fde00000| PB 0x00000000fde00000| Complete 
|2015|0x00000000fdf00000, 0x00000000fe000000, 0x00000000fe000000|100%| E|CS|TAMS 0x00000000fdf00000| PB 0x00000000fdf00000| Complete 
|2016|0x00000000fe000000, 0x00000000fe100000, 0x00000000fe100000|100%| E|CS|TAMS 0x00000000fe000000| PB 0x00000000fe000000| Complete 
|2017|0x00000000fe100000, 0x00000000fe200000, 0x00000000fe200000|100%| E|CS|TAMS 0x00000000fe100000| PB 0x00000000fe100000| Complete 
|2018|0x00000000fe200000, 0x00000000fe300000, 0x00000000fe300000|100%| E|CS|TAMS 0x00000000fe200000| PB 0x00000000fe200000| Complete 
|2019|0x00000000fe300000, 0x00000000fe400000, 0x00000000fe400000|100%| E|CS|TAMS 0x00000000fe300000| PB 0x00000000fe300000| Complete 
|2020|0x00000000fe400000, 0x00000000fe500000, 0x00000000fe500000|100%| E|CS|TAMS 0x00000000fe400000| PB 0x00000000fe400000| Complete 
|2021|0x00000000fe500000, 0x00000000fe600000, 0x00000000fe600000|100%| E|CS|TAMS 0x00000000fe500000| PB 0x00000000fe500000| Complete 
|2022|0x00000000fe600000, 0x00000000fe700000, 0x00000000fe700000|100%| E|CS|TAMS 0x00000000fe600000| PB 0x00000000fe600000| Complete 
|2023|0x00000000fe700000, 0x00000000fe800000, 0x00000000fe800000|100%| E|CS|TAMS 0x00000000fe700000| PB 0x00000000fe700000| Complete 
|2024|0x00000000fe800000, 0x00000000fe900000, 0x00000000fe900000|100%| E|CS|TAMS 0x00000000fe800000| PB 0x00000000fe800000| Complete 
|2025|0x00000000fe900000, 0x00000000fea00000, 0x00000000fea00000|100%| E|CS|TAMS 0x00000000fe900000| PB 0x00000000fe900000| Complete 
|2026|0x00000000fea00000, 0x00000000feb00000, 0x00000000feb00000|100%| E|CS|TAMS 0x00000000fea00000| PB 0x00000000fea00000| Complete 
|2027|0x00000000feb00000, 0x00000000fec00000, 0x00000000fec00000|100%| E|CS|TAMS 0x00000000feb00000| PB 0x00000000feb00000| Complete 
|2028|0x00000000fec00000, 0x00000000fed00000, 0x00000000fed00000|100%| E|CS|TAMS 0x00000000fec00000| PB 0x00000000fec00000| Complete 
|2029|0x00000000fed00000, 0x00000000fee00000, 0x00000000fee00000|100%| E|CS|TAMS 0x00000000fed00000| PB 0x00000000fed00000| Complete 
|2030|0x00000000fee00000, 0x00000000fef00000, 0x00000000fef00000|100%| E|CS|TAMS 0x00000000fee00000| PB 0x00000000fee00000| Complete 
|2031|0x00000000fef00000, 0x00000000ff000000, 0x00000000ff000000|100%| E|CS|TAMS 0x00000000fef00000| PB 0x00000000fef00000| Complete 
|2032|0x00000000ff000000, 0x00000000ff100000, 0x00000000ff100000|100%| E|CS|TAMS 0x00000000ff000000| PB 0x00000000ff000000| Complete 
|2033|0x00000000ff100000, 0x00000000ff200000, 0x00000000ff200000|100%| E|CS|TAMS 0x00000000ff100000| PB 0x00000000ff100000| Complete 
|2034|0x00000000ff200000, 0x00000000ff300000, 0x00000000ff300000|100%| E|CS|TAMS 0x00000000ff200000| PB 0x00000000ff200000| Complete 
|2035|0x00000000ff300000, 0x00000000ff400000, 0x00000000ff400000|100%| O|  |TAMS 0x00000000ff300000| PB 0x00000000ff300000| Untracked 
|2036|0x00000000ff400000, 0x00000000ff500000, 0x00000000ff500000|100%| O|  |TAMS 0x00000000ff400000| PB 0x00000000ff400000| Untracked 
|2037|0x00000000ff500000, 0x00000000ff600000, 0x00000000ff600000|100%| O|  |TAMS 0x00000000ff500000| PB 0x00000000ff500000| Untracked 
|2038|0x00000000ff600000, 0x00000000ff700000, 0x00000000ff700000|100%| E|CS|TAMS 0x00000000ff600000| PB 0x00000000ff600000| Complete 
|2039|0x00000000ff700000, 0x00000000ff800000, 0x00000000ff800000|100%| E|CS|TAMS 0x00000000ff700000| PB 0x00000000ff700000| Complete 
|2040|0x00000000ff800000, 0x00000000ff900000, 0x00000000ff900000|100%| E|CS|TAMS 0x00000000ff800000| PB 0x00000000ff800000| Complete 
|2041|0x00000000ff900000, 0x00000000ffa00000, 0x00000000ffa00000|100%| E|CS|TAMS 0x00000000ff900000| PB 0x00000000ff900000| Complete 
|2042|0x00000000ffa00000, 0x00000000ffb00000, 0x00000000ffb00000|100%| E|CS|TAMS 0x00000000ffa00000| PB 0x00000000ffa00000| Complete 
|2043|0x00000000ffb00000, 0x00000000ffc00000, 0x00000000ffc00000|100%| E|CS|TAMS 0x00000000ffb00000| PB 0x00000000ffb00000| Complete 
|2044|0x00000000ffc00000, 0x00000000ffd00000, 0x00000000ffd00000|100%| E|  |TAMS 0x00000000ffc00000| PB 0x00000000ffc00000| Complete 
|2045|0x00000000ffd00000, 0x00000000ffe00000, 0x00000000ffe00000|100%| E|CS|TAMS 0x00000000ffd00000| PB 0x00000000ffd00000| Complete 
|2046|0x00000000ffe00000, 0x00000000fff00000, 0x00000000fff00000|100%| E|CS|TAMS 0x00000000ffe00000| PB 0x00000000ffe00000| Complete 
|2047|0x00000000fff00000, 0x0000000100000000, 0x0000000100000000|100%| E|CS|TAMS 0x00000000fff00000| PB 0x00000000fff00000| Complete 

Card table byte_map: [0x00000162b52c0000,0x00000162b56c0000] _byte_map_base: 0x00000162b4ec0000

Marking Bits: (CMBitMap*) 0x00000162a2875440
 Bits: [0x00000162b56c0000, 0x00000162b76c0000)

Polling page: 0x00000162a0650000

Metaspace:

Usage:
  Non-class:    136.73 MB used.
      Class:     19.83 MB used.
       Both:    156.56 MB used.

Virtual space:
  Non-class space:      192.00 MB reserved,     139.19 MB ( 72%) committed,  3 nodes.
      Class space:        1.00 GB reserved,      21.69 MB (  2%) committed,  1 nodes.
             Both:        1.19 GB reserved,     160.88 MB ( 13%) committed. 

Chunk freelists:
   Non-Class:  6.32 MB
       Class:  11.56 MB
        Both:  17.88 MB

MaxMetaspaceSize: unlimited
CompressedClassSpaceSize: 1.00 GB
Initial GC threshold: 21.00 MB
Current GC threshold: 268.38 MB
CDS: off
 - commit_granule_bytes: 65536.
 - commit_granule_words: 8192.
 - virtual_space_node_default_size: 8388608.
 - enlarge_chunks_in_place: 1.
 - use_allocation_guard: 0.


Internal statistics:

num_allocs_failed_limit: 12.
num_arena_births: 4666.
num_arena_deaths: 2498.
num_vsnodes_births: 4.
num_vsnodes_deaths: 0.
num_space_committed: 2586.
num_space_uncommitted: 9.
num_chunks_returned_to_freelist: 2959.
num_chunks_taken_from_freelist: 11589.
num_chunk_merges: 1011.
num_chunk_splits: 7529.
num_chunks_enlarged: 4971.
num_inconsistent_stats: 0.

CodeHeap 'non-profiled nmethods': size=120000Kb used=24440Kb max_used=25591Kb free=95559Kb
 bounds [0x00000162ad440000, 0x00000162aed40000, 0x00000162b4970000]
CodeHeap 'profiled nmethods': size=120000Kb used=36294Kb max_used=40167Kb free=83705Kb
 bounds [0x00000162a5970000, 0x00000162a80b0000, 0x00000162acea0000]
CodeHeap 'non-nmethods': size=5760Kb used=2300Kb max_used=2410Kb free=3459Kb
 bounds [0x00000162acea0000, 0x00000162ad120000, 0x00000162ad440000]
 total_blobs=19432 nmethods=18444 adapters=891
 compilation: enabled
              stopped_count=0, restarted_count=0
 full_count=0

Compilation events (20 events):
Event: 4272.063 Thread 0x00000162ba48fcc0 40360       3       org.gradle.api.tasks.util.PatternSet::intersect (28 bytes)
Event: 4272.063 Thread 0x00000162ba48fcc0 nmethod 40360 0x00000162a6577410 code [0x00000162a6577600, 0x00000162a6577c38]
Event: 4272.077 Thread 0x00000162ba48fcc0 40361 %     3       org.gradle.api.internal.tasks.compile.incremental.deps.ClassSetAnalysisData$Serializer::read @ 45 (230 bytes)
Event: 4272.082 Thread 0x00000162ba48fcc0 nmethod 40361% 0x00000162a70e1210 code [0x00000162a70e1700, 0x00000162a70e41b8]
Event: 4272.090 Thread 0x00000162ba481b40 nmethod 40353 0x00000162adfa0c90 code [0x00000162adfa11a0, 0x00000162adfa3128]
Event: 4272.090 Thread 0x00000162ba48fcc0 40362       3       org.gradle.api.internal.tasks.compile.incremental.deps.ClassSetAnalysisData$Serializer::read (230 bytes)
Event: 4272.090 Thread 0x00000162ba481b40 40355       4       org.gradle.api.internal.provider.AbstractMinimalProvider::map (11 bytes)
Event: 4272.090 Thread 0x00000162ba481b40 nmethod 40355 0x00000162ad7f9c10 code [0x00000162ad7f9da0, 0x00000162ad7f9ea0]
Event: 4272.090 Thread 0x00000162ba481b40 40363       4       org.gradle.internal.serialize.AbstractDecoder::readBytes (9 bytes)
Event: 4272.091 Thread 0x00000162ba48fcc0 nmethod 40362 0x00000162a7e42e90 code [0x00000162a7e43380, 0x00000162a7e45d48]
Event: 4272.096 Thread 0x00000162ba481b40 nmethod 40363 0x00000162ad89e390 code [0x00000162ad89e580, 0x00000162ad89e9e0]
Event: 4272.096 Thread 0x00000162ba481b40 40364   !   4       org.gradle.internal.serialize.kryo.KryoBackedDecoder::readBytes (23 bytes)
Event: 4272.098 Thread 0x00000162ba481b40 nmethod 40364 0x00000162ad8ae810 code [0x00000162ad8ae9e0, 0x00000162ad8aedb8]
Event: 4272.098 Thread 0x00000162ba481b40 40365       4       com.esotericsoftware.kryo.io.Input::readBytes (93 bytes)
Event: 4272.100 Thread 0x00000162ba481b40 nmethod 40365 0x00000162ad849090 code [0x00000162ad849240, 0x00000162ad849580]
Event: 4272.163 Thread 0x00000162ba481b40 40366       4       org.gradle.api.internal.tasks.compile.incremental.deps.ClassSetAnalysisData::getChangedClassesSince (219 bytes)
Event: 4272.191 Thread 0x00000162ba48fcc0 40367       3       sun.nio.fs.WindowsFileAttributes::isSameFile (39 bytes)
Event: 4272.193 Thread 0x00000162ba48fcc0 nmethod 40367 0x00000162a63c5490 code [0x00000162a63c5640, 0x00000162a63c57f8]
Event: 4272.213 Thread 0x00000162ba48fcc0 40369       3       org.gradle.api.internal.provider.Collectors$SingleElement::getProducer (4 bytes)
Event: 4272.215 Thread 0x00000162ba48fcc0 nmethod 40369 0x00000162a64a2690 code [0x00000162a64a2840, 0x00000162a64a29b0]

GC Heap History (20 events):
Event: 1806.388 GC heap before
{Heap before GC invocations=85 (full 0):
 garbage-first heap   total 348160K, used 312304K [0x0000000080000000, 0x0000000100000000)
  region size 1024K, 129 young (132096K), 17 survivors (17408K)
 Metaspace       used 161450K, committed 163840K, reserved 1245184K
  class space    used 20942K, committed 22144K, reserved 1048576K
}
Event: 1806.407 GC heap after
{Heap after GC invocations=86 (full 0):
 garbage-first heap   total 481280K, used 183072K [0x0000000080000000, 0x0000000100000000)
  region size 1024K, 3 young (3072K), 3 survivors (3072K)
 Metaspace       used 161450K, committed 163840K, reserved 1245184K
  class space    used 20942K, committed 22144K, reserved 1048576K
}
Event: 1807.406 GC heap before
{Heap before GC invocations=86 (full 0):
 garbage-first heap   total 481280K, used 413472K [0x0000000080000000, 0x0000000100000000)
  region size 1024K, 229 young (234496K), 3 survivors (3072K)
 Metaspace       used 161630K, committed 164032K, reserved 1245184K
  class space    used 20942K, committed 22144K, reserved 1048576K
}
Event: 1807.415 GC heap after
{Heap after GC invocations=87 (full 0):
 garbage-first heap   total 481280K, used 189514K [0x0000000080000000, 0x0000000100000000)
  region size 1024K, 10 young (10240K), 10 survivors (10240K)
 Metaspace       used 161630K, committed 164032K, reserved 1245184K
  class space    used 20942K, committed 22144K, reserved 1048576K
}
Event: 2032.389 GC heap before
{Heap before GC invocations=88 (full 0):
 garbage-first heap   total 481280K, used 474186K [0x0000000080000000, 0x0000000100000000)
  region size 1024K, 256 young (262144K), 10 survivors (10240K)
 Metaspace       used 161911K, committed 164352K, reserved 1245184K
  class space    used 20944K, committed 22144K, reserved 1048576K
}
Event: 2032.573 GC heap after
{Heap after GC invocations=89 (full 0):
 garbage-first heap   total 490496K, used 193241K [0x0000000080000000, 0x0000000100000000)
  region size 1024K, 14 young (14336K), 14 survivors (14336K)
 Metaspace       used 161911K, committed 164352K, reserved 1245184K
  class space    used 20944K, committed 22144K, reserved 1048576K
}
Event: 2257.037 GC heap before
{Heap before GC invocations=89 (full 0):
 garbage-first heap   total 490496K, used 489177K [0x0000000080000000, 0x0000000100000000)
  region size 1024K, 264 young (270336K), 14 survivors (14336K)
 Metaspace       used 162453K, committed 164928K, reserved 1245184K
  class space    used 20967K, committed 22208K, reserved 1048576K
}
Event: 2257.232 GC heap after
{Heap after GC invocations=90 (full 0):
 garbage-first heap   total 513024K, used 164990K [0x0000000080000000, 0x0000000100000000)
  region size 1024K, 13 young (13312K), 13 survivors (13312K)
 Metaspace       used 162453K, committed 164928K, reserved 1245184K
  class space    used 20967K, committed 22208K, reserved 1048576K
}
Event: 2258.331 GC heap before
{Heap before GC invocations=90 (full 0):
 garbage-first heap   total 513024K, used 209022K [0x0000000080000000, 0x0000000100000000)
  region size 1024K, 58 young (59392K), 13 survivors (13312K)
 Metaspace       used 162549K, committed 165056K, reserved 1245184K
  class space    used 20968K, committed 22208K, reserved 1048576K
}
Event: 2258.353 GC heap after
{Heap after GC invocations=91 (full 0):
 garbage-first heap   total 513024K, used 167847K [0x0000000080000000, 0x0000000100000000)
  region size 1024K, 18 young (18432K), 18 survivors (18432K)
 Metaspace       used 162549K, committed 165056K, reserved 1245184K
  class space    used 20968K, committed 22208K, reserved 1048576K
}
Event: 2715.365 GC heap before
{Heap before GC invocations=92 (full 0):
 garbage-first heap   total 513024K, used 482215K [0x0000000080000000, 0x0000000100000000)
  region size 1024K, 289 young (295936K), 18 survivors (18432K)
 Metaspace       used 160201K, committed 164864K, reserved 1245184K
  class space    used 20337K, committed 22208K, reserved 1048576K
}
Event: 2715.622 GC heap after
{Heap after GC invocations=93 (full 0):
 garbage-first heap   total 513024K, used 165613K [0x0000000080000000, 0x0000000100000000)
  region size 1024K, 17 young (17408K), 17 survivors (17408K)
 Metaspace       used 160201K, committed 164864K, reserved 1245184K
  class space    used 20337K, committed 22208K, reserved 1048576K
}
Event: 3983.280 GC heap before
{Heap before GC invocations=93 (full 0):
 garbage-first heap   total 513024K, used 493293K [0x0000000080000000, 0x0000000100000000)
  region size 1024K, 298 young (305152K), 17 survivors (17408K)
 Metaspace       used 160742K, committed 164928K, reserved 1245184K
  class space    used 20360K, committed 22208K, reserved 1048576K
}
Event: 3983.641 GC heap after
{Heap after GC invocations=94 (full 0):
 garbage-first heap   total 520192K, used 153836K [0x0000000080000000, 0x0000000100000000)
  region size 1024K, 16 young (16384K), 16 survivors (16384K)
 Metaspace       used 160742K, committed 164928K, reserved 1245184K
  class space    used 20360K, committed 22208K, reserved 1048576K
}
Event: 3988.659 GC heap before
{Heap before GC invocations=94 (full 0):
 garbage-first heap   total 520192K, used 237804K [0x0000000080000000, 0x0000000100000000)
  region size 1024K, 93 young (95232K), 16 survivors (16384K)
 Metaspace       used 161085K, committed 164928K, reserved 1245184K
  class space    used 20381K, committed 22208K, reserved 1048576K
}
Event: 3989.114 GC heap after
{Heap after GC invocations=95 (full 0):
 garbage-first heap   total 520192K, used 171243K [0x0000000080000000, 0x0000000100000000)
  region size 1024K, 12 young (12288K), 12 survivors (12288K)
 Metaspace       used 161085K, committed 164928K, reserved 1245184K
  class space    used 20381K, committed 22208K, reserved 1048576K
}
Event: 3991.511 GC heap before
{Heap before GC invocations=95 (full 0):
 garbage-first heap   total 520192K, used 202987K [0x0000000080000000, 0x0000000100000000)
  region size 1024K, 43 young (44032K), 12 survivors (12288K)
 Metaspace       used 161093K, committed 164928K, reserved 1245184K
  class space    used 20381K, committed 22208K, reserved 1048576K
}
Event: 3991.571 GC heap after
{Heap after GC invocations=96 (full 0):
 garbage-first heap   total 520192K, used 168434K [0x0000000080000000, 0x0000000100000000)
  region size 1024K, 4 young (4096K), 4 survivors (4096K)
 Metaspace       used 161093K, committed 164928K, reserved 1245184K
  class space    used 20381K, committed 22208K, reserved 1048576K
}
Event: 3996.430 GC heap before
{Heap before GC invocations=96 (full 0):
 garbage-first heap   total 520192K, used 251378K [0x0000000080000000, 0x0000000100000000)
  region size 1024K, 87 young (89088K), 4 survivors (4096K)
 Metaspace       used 161129K, committed 164928K, reserved 1245184K
  class space    used 20382K, committed 22208K, reserved 1048576K
}
Event: 3996.534 GC heap after
{Heap after GC invocations=97 (full 0):
 garbage-first heap   total 520192K, used 169854K [0x0000000080000000, 0x0000000100000000)
  region size 1024K, 5 young (5120K), 5 survivors (5120K)
 Metaspace       used 161129K, committed 164928K, reserved 1245184K
  class space    used 20382K, committed 22208K, reserved 1048576K
}

Dll operation events (3 events):
Event: 0.010 Loaded shared library C:\Program Files\Android\Android Studio\jbr\bin\java.dll
Event: 0.017 Loaded shared library C:\Program Files\Android\Android Studio\jbr\bin\zip.dll
Event: 0.621 Loaded shared library C:\Program Files\Android\Android Studio\jbr\bin\verify.dll

Deoptimization events (20 events):
Event: 4137.819 Thread 0x00000162c0a10740 Uncommon trap: trap_request=0xffffffd6 fr.pc=0x00000162ade45900 relative=0x0000000000000620
Event: 4137.819 Thread 0x00000162c0a10740 Uncommon trap: reason=array_check action=maybe_recompile pc=0x00000162ade45900 method=java.util.concurrent.ScheduledThreadPoolExecutor$DelayedWorkQueue.offer(Ljava/lang/Runnable;)Z @ 65 c2
Event: 4137.819 Thread 0x00000162c0a10740 DEOPT PACKING pc=0x00000162ade45900 sp=0x00000013054ff4c0
Event: 4137.819 Thread 0x00000162c0a10740 DEOPT UNPACKING pc=0x00000162acef46a2 sp=0x00000013054ff3a0 mode 2
Event: 4138.291 Thread 0x00000162c2379830 Uncommon trap: trap_request=0xffffffd6 fr.pc=0x00000162ade45900 relative=0x0000000000000620
Event: 4138.291 Thread 0x00000162c2379830 Uncommon trap: reason=array_check action=maybe_recompile pc=0x00000162ade45900 method=java.util.concurrent.ScheduledThreadPoolExecutor$DelayedWorkQueue.offer(Ljava/lang/Runnable;)Z @ 65 c2
Event: 4138.291 Thread 0x00000162c2379830 DEOPT PACKING pc=0x00000162ade45900 sp=0x00000013091ff110
Event: 4138.291 Thread 0x00000162c2379830 DEOPT UNPACKING pc=0x00000162acef46a2 sp=0x00000013091feff0 mode 2
Event: 4247.926 Thread 0x00000162cb536410 Uncommon trap: trap_request=0xffffff45 fr.pc=0x00000162ae05ccd0 relative=0x0000000000000fd0
Event: 4247.931 Thread 0x00000162cb536410 Uncommon trap: reason=unstable_if action=reinterpret pc=0x00000162ae05ccd0 method=java.io.ClassCache.processQueue()V @ 9 c2
Event: 4247.955 Thread 0x00000162cb536410 DEOPT PACKING pc=0x00000162ae05ccd0 sp=0x00000013059febe0
Event: 4247.983 Thread 0x00000162cb536410 DEOPT UNPACKING pc=0x00000162acef46a2 sp=0x00000013059fea48 mode 2
Event: 4248.266 Thread 0x00000162cb536410 Uncommon trap: trap_request=0xffffff45 fr.pc=0x00000162ae058898 relative=0x00000000000003b8
Event: 4248.266 Thread 0x00000162cb536410 Uncommon trap: reason=unstable_if action=reinterpret pc=0x00000162ae058898 method=java.lang.ClassValue.match(Ljava/lang/ClassValue$Entry;)Z @ 12 c2
Event: 4248.266 Thread 0x00000162cb536410 DEOPT PACKING pc=0x00000162ae058898 sp=0x00000013059fe8b0
Event: 4248.267 Thread 0x00000162cb536410 DEOPT UNPACKING pc=0x00000162acef46a2 sp=0x00000013059fe728 mode 2
Event: 4271.980 Thread 0x00000162cb2e7a00 DEOPT PACKING pc=0x00000162a69ed69e sp=0x00000013082fc5e0
Event: 4271.981 Thread 0x00000162cb2e7a00 DEOPT UNPACKING pc=0x00000162acef4e42 sp=0x00000013082fbb60 mode 0
Event: 4272.163 Thread 0x00000162cb2e7a00 DEOPT PACKING pc=0x00000162a652af70 sp=0x00000013082fae10
Event: 4272.164 Thread 0x00000162cb2e7a00 DEOPT UNPACKING pc=0x00000162acef4e42 sp=0x00000013082fa3f8 mode 0

Classes loaded (20 events):
Event: 363.884 Loading class java/lang/Process$PipeInputStream
Event: 363.885 Loading class java/lang/Process$PipeInputStream done
Event: 363.888 Loading class jdk/internal/event/ProcessStartEvent
Event: 363.890 Loading class jdk/internal/event/ProcessStartEvent done
Event: 1183.522 Loading class java/util/zip/Deflater
Event: 1183.526 Loading class java/util/zip/Deflater done
Event: 1183.534 Loading class java/util/zip/Deflater$DeflaterZStreamRef
Event: 1183.534 Loading class java/util/zip/Deflater$DeflaterZStreamRef done
Event: 1183.559 Loading class java/util/IdentityHashMap$EntryIterator
Event: 1183.561 Loading class java/util/IdentityHashMap$EntryIterator done
Event: 1183.561 Loading class java/util/IdentityHashMap$EntryIterator$Entry
Event: 1183.561 Loading class java/util/IdentityHashMap$EntryIterator$Entry done
Event: 1183.564 Loading class java/util/zip/ZipOutputStream$XEntry
Event: 1183.565 Loading class java/util/zip/ZipOutputStream$XEntry done
Event: 1185.134 Loading class java/util/AbstractList$RandomAccessSubList
Event: 1185.136 Loading class java/util/AbstractList$SubList
Event: 1185.136 Loading class java/util/AbstractList$SubList done
Event: 1185.136 Loading class java/util/AbstractList$RandomAccessSubList done
Event: 1185.137 Loading class java/util/AbstractList$SubList$1
Event: 1185.137 Loading class java/util/AbstractList$SubList$1 done

Classes unloaded (20 events):
Event: 3997.709 Thread 0x00000162ba32a520 Unloading class 0x0000000101525000 'jdk/internal/reflect/GeneratedSerializationConstructorAccessor138'
Event: 3997.736 Thread 0x00000162ba32a520 Unloading class 0x00000001014e0000 'jdk/internal/reflect/GeneratedSerializationConstructorAccessor137'
Event: 3997.738 Thread 0x00000162ba32a520 Unloading class 0x00000001014cd000 'jdk/internal/reflect/GeneratedSerializationConstructorAccessor136'
Event: 3997.738 Thread 0x00000162ba32a520 Unloading class 0x00000001014ccc00 'jdk/internal/reflect/GeneratedSerializationConstructorAccessor135'
Event: 3997.738 Thread 0x00000162ba32a520 Unloading class 0x00000001014cc800 'jdk/internal/reflect/GeneratedSerializationConstructorAccessor134'
Event: 3997.738 Thread 0x00000162ba32a520 Unloading class 0x00000001014cc400 'jdk/internal/reflect/GeneratedSerializationConstructorAccessor133'
Event: 3997.739 Thread 0x00000162ba32a520 Unloading class 0x00000001014cc000 'jdk/internal/reflect/GeneratedSerializationConstructorAccessor132'
Event: 3997.739 Thread 0x00000162ba32a520 Unloading class 0x000000010117c400 'jdk/internal/reflect/GeneratedSerializationConstructorAccessor92'
Event: 3997.751 Thread 0x00000162ba32a520 Unloading class 0x0000000100c65c00 'java/lang/invoke/LambdaForm$MH+0x0000000100c65c00'
Event: 3997.751 Thread 0x00000162ba32a520 Unloading class 0x0000000100c65800 'java/lang/invoke/LambdaForm$MH+0x0000000100c65800'
Event: 3997.751 Thread 0x00000162ba32a520 Unloading class 0x0000000100c65000 'java/lang/invoke/LambdaForm$MH+0x0000000100c65000'
Event: 3997.751 Thread 0x00000162ba32a520 Unloading class 0x0000000100ae5400 'java/lang/invoke/LambdaForm$MH+0x0000000100ae5400'
Event: 3997.751 Thread 0x00000162ba32a520 Unloading class 0x0000000100ae4c00 'java/lang/invoke/LambdaForm$MH+0x0000000100ae4c00'
Event: 3997.751 Thread 0x00000162ba32a520 Unloading class 0x0000000100ae4400 'java/lang/invoke/LambdaForm$MH+0x0000000100ae4400'
Event: 3997.751 Thread 0x00000162ba32a520 Unloading class 0x0000000100ae4000 'java/lang/invoke/LambdaForm$MH+0x0000000100ae4000'
Event: 3997.751 Thread 0x00000162ba32a520 Unloading class 0x00000001001bec00 'java/lang/invoke/LambdaForm$MH+0x00000001001bec00'
Event: 3997.752 Thread 0x00000162ba32a520 Unloading class 0x00000001001bdc00 'java/lang/invoke/LambdaForm$MH+0x00000001001bdc00'
Event: 3997.752 Thread 0x00000162ba32a520 Unloading class 0x00000001001bd800 'java/lang/invoke/LambdaForm$MH+0x00000001001bd800'
Event: 3997.752 Thread 0x00000162ba32a520 Unloading class 0x00000001001bd000 'java/lang/invoke/LambdaForm$MH+0x00000001001bd000'
Event: 3997.752 Thread 0x00000162ba32a520 Unloading class 0x00000001001bc000 'java/lang/invoke/LambdaForm$MH+0x00000001001bc000'

Classes redefined (0 events):
No events

Internal exceptions (20 events):
Event: 4244.481 Thread 0x00000162c5f46d90 Exception <a 'sun/nio/fs/WindowsException'{0x00000000fd103840}> (0x00000000fd103840) 
thrown [s\src\hotspot\share\prims\jni.cpp, line 535]
Event: 4270.188 Thread 0x00000162c5f46d90 Exception <a 'java/lang/NoClassDefFoundError'{0x000000009a8886d0}: org/jetbrains/kotlin/gradle/plugin/KotlinBasePluginWrapper> (0x000000009a8886d0) 
thrown [s\src\hotspot\share\oops\constantPool.cpp, line 873]
Event: 4270.219 Thread 0x00000162c5f46d90 Exception <a 'java/lang/NoClassDefFoundError'{0x000000009a8a5d88}: org/jetbrains/kotlin/gradle/plugin/KotlinBasePluginWrapper> (0x000000009a8a5d88) 
thrown [s\src\hotspot\share\oops\constantPool.cpp, line 873]
Event: 4270.225 Thread 0x00000162c5f46d90 Exception <a 'java/lang/NoClassDefFoundError'{0x000000009a8b5cd0}: org/jetbrains/kotlin/gradle/plugin/KotlinBasePluginWrapper> (0x000000009a8b5cd0) 
thrown [s\src\hotspot\share\oops\constantPool.cpp, line 873]
Event: 4270.230 Thread 0x00000162c5f46d90 Exception <a 'java/lang/NoClassDefFoundError'{0x000000009a8ca410}: org/jetbrains/kotlin/gradle/plugin/KotlinBasePluginWrapper> (0x000000009a8ca410) 
thrown [s\src\hotspot\share\oops\constantPool.cpp, line 873]
Event: 4270.233 Thread 0x00000162c5f46d90 Exception <a 'java/lang/NoClassDefFoundError'{0x000000009a8e6a88}: org/jetbrains/kotlin/gradle/plugin/KotlinBasePluginWrapper> (0x000000009a8e6a88) 
thrown [s\src\hotspot\share\oops\constantPool.cpp, line 873]
Event: 4270.878 Thread 0x00000162c5f46d90 Exception <a 'java/lang/NoClassDefFoundError'{0x000000009a557898}: org/jetbrains/kotlin/gradle/plugin/KotlinBasePluginWrapper> (0x000000009a557898) 
thrown [s\src\hotspot\share\oops\constantPool.cpp, line 873]
Event: 4271.088 Thread 0x00000162c5f46d90 Exception <a 'sun/nio/fs/WindowsException'{0x000000009a440368}> (0x000000009a440368) 
thrown [s\src\hotspot\share\prims\jni.cpp, line 535]
Event: 4271.091 Thread 0x00000162c5f46d90 Exception <a 'sun/nio/fs/WindowsException'{0x000000009a441ae0}> (0x000000009a441ae0) 
thrown [s\src\hotspot\share\prims\jni.cpp, line 535]
Event: 4271.091 Thread 0x00000162c5f46d90 Exception <a 'sun/nio/fs/WindowsException'{0x000000009a443060}> (0x000000009a443060) 
thrown [s\src\hotspot\share\prims\jni.cpp, line 535]
Event: 4271.091 Thread 0x00000162c5f46d90 Exception <a 'sun/nio/fs/WindowsException'{0x000000009a4445e0}> (0x000000009a4445e0) 
thrown [s\src\hotspot\share\prims\jni.cpp, line 535]
Event: 4271.465 Thread 0x00000162cb2e7a00 Exception <a 'sun/nio/fs/WindowsException'{0x0000000099ee3368}> (0x0000000099ee3368) 
thrown [s\src\hotspot\share\prims\jni.cpp, line 535]
Event: 4272.202 Thread 0x00000162cb2e7a00 Exception <a 'sun/nio/fs/WindowsException'{0x0000000097490600}> (0x0000000097490600) 
thrown [s\src\hotspot\share\prims\jni.cpp, line 535]
Event: 4272.205 Thread 0x00000162cb2e7a00 Exception <a 'sun/nio/fs/WindowsException'{0x0000000097491360}> (0x0000000097491360) 
thrown [s\src\hotspot\share\prims\jni.cpp, line 535]
Event: 4272.207 Thread 0x00000162cb2e7a00 Exception <a 'sun/nio/fs/WindowsException'{0x0000000097492010}> (0x0000000097492010) 
thrown [s\src\hotspot\share\prims\jni.cpp, line 535]
Event: 4272.208 Thread 0x00000162cb2e7a00 Exception <a 'sun/nio/fs/WindowsException'{0x0000000097492d28}> (0x0000000097492d28) 
thrown [s\src\hotspot\share\prims\jni.cpp, line 535]
Event: 4272.209 Thread 0x00000162cb2e7a00 Exception <a 'sun/nio/fs/WindowsException'{0x0000000097493a58}> (0x0000000097493a58) 
thrown [s\src\hotspot\share\prims\jni.cpp, line 535]
Event: 4272.210 Thread 0x00000162cb2e7a00 Exception <a 'sun/nio/fs/WindowsException'{0x0000000097494708}> (0x0000000097494708) 
thrown [s\src\hotspot\share\prims\jni.cpp, line 535]
Event: 4272.211 Thread 0x00000162cb2e7a00 Exception <a 'sun/nio/fs/WindowsException'{0x0000000097495430}> (0x0000000097495430) 
thrown [s\src\hotspot\share\prims\jni.cpp, line 535]
Event: 4272.212 Thread 0x00000162cb2e7a00 Exception <a 'sun/nio/fs/WindowsException'{0x0000000097496168}> (0x0000000097496168) 
thrown [s\src\hotspot\share\prims\jni.cpp, line 535]

ZGC Phase Switch (0 events):
No events

VM Operations (20 events):
Event: 4258.893 Executing VM operation: Cleanup done
Event: 4259.902 Executing VM operation: Cleanup
Event: 4259.902 Executing VM operation: Cleanup done
Event: 4261.918 Executing VM operation: Cleanup
Event: 4261.948 Executing VM operation: Cleanup done
Event: 4262.955 Executing VM operation: Cleanup
Event: 4262.971 Executing VM operation: Cleanup done
Event: 4264.992 Executing VM operation: Cleanup
Event: 4265.023 Executing VM operation: Cleanup done
Event: 4269.176 Executing VM operation: HandshakeAllThreads (HandshakeForDeflation)
Event: 4269.176 Executing VM operation: HandshakeAllThreads (HandshakeForDeflation) done
Event: 4269.176 Executing VM operation: RendezvousGCThreads
Event: 4269.176 Executing VM operation: RendezvousGCThreads done
Event: 4270.184 Executing VM operation: Cleanup
Event: 4270.185 Executing VM operation: Cleanup done
Event: 4271.195 Executing VM operation: Cleanup
Event: 4271.196 Executing VM operation: Cleanup done
Event: 4272.202 Executing VM operation: Cleanup
Event: 4272.202 Executing VM operation: Cleanup done
Event: 4273.204 Executing VM operation: Cleanup

Memory protections (0 events):
No events

Nmethod flushes (20 events):
Event: 4000.381 Thread 0x00000162ba32a520 flushing  nmethod 0x00000162a7cac510
Event: 4000.381 Thread 0x00000162ba32a520 flushing  nmethod 0x00000162a7cb1390
Event: 4000.381 Thread 0x00000162ba32a520 flushing  nmethod 0x00000162a7d7cd10
Event: 4000.381 Thread 0x00000162ba32a520 flushing  nmethod 0x00000162a7d7db10
Event: 4000.381 Thread 0x00000162ba32a520 flushing  nmethod 0x00000162a7d7e710
Event: 4000.381 Thread 0x00000162ba32a520 flushing  nmethod 0x00000162a7d82710
Event: 4000.381 Thread 0x00000162ba32a520 flushing  nmethod 0x00000162a7d82c10
Event: 4000.381 Thread 0x00000162ba32a520 flushing  nmethod 0x00000162a7da5790
Event: 4000.381 Thread 0x00000162ba32a520 flushing  nmethod 0x00000162a7da5c90
Event: 4000.381 Thread 0x00000162ba32a520 flushing  nmethod 0x00000162a7da6690
Event: 4000.381 Thread 0x00000162ba32a520 flushing  nmethod 0x00000162a7da9090
Event: 4000.381 Thread 0x00000162ba32a520 flushing  nmethod 0x00000162a7e3c490
Event: 4000.381 Thread 0x00000162ba32a520 flushing  nmethod 0x00000162a7e3d010
Event: 4000.381 Thread 0x00000162ba32a520 flushing  nmethod 0x00000162a7e3fd90
Event: 4000.381 Thread 0x00000162ba32a520 flushing  nmethod 0x00000162a7e40410
Event: 4000.381 Thread 0x00000162ba32a520 flushing  nmethod 0x00000162a7e40b10
Event: 4000.381 Thread 0x00000162ba32a520 flushing  nmethod 0x00000162a7e41c90
Event: 4000.381 Thread 0x00000162ba32a520 flushing  nmethod 0x00000162a7e42e90
Event: 4000.381 Thread 0x00000162ba32a520 flushing  nmethod 0x00000162a7ea5590
Event: 4000.381 Thread 0x00000162ba32a520 flushing osr nmethod 0x00000162a7ea6a10

Events (20 events):
Event: 4271.997 Thread 0x00000162cb2e7a00 Thread added: 0x00000162c64d5770
Event: 4271.997 Thread 0x00000162cb2e7a00 Thread added: 0x00000162c3fe36c0
Event: 4271.997 Thread 0x00000162cb2e7a00 Thread added: 0x00000162c3fe3d50
Event: 4271.998 Thread 0x00000162cb2e7a00 Thread added: 0x00000162c3fe5e20
Event: 4272.000 Thread 0x00000162cb2e7a00 Thread added: 0x00000162c3fe5790
Event: 4272.000 Thread 0x00000162cb2e7a00 Thread added: 0x00000162c3fe4a70
Event: 4272.001 Thread 0x00000162cb2e7a00 Thread added: 0x00000162c3fe43e0
Event: 4272.001 Thread 0x00000162cb2e7a00 Thread added: 0x00000162c3fe5100
Event: 4272.002 Thread 0x00000162cb2e7a00 Thread added: 0x00000162c3fe64b0
Event: 4272.104 Thread 0x00000162cb2e7a00 Thread added: 0x00000162c3fe3030
Event: 4272.104 Thread 0x00000162cb2e7a00 Thread added: 0x00000162c1d2dfb0
Event: 4272.104 Thread 0x00000162cb2e7a00 Thread added: 0x00000162c1d2e640
Event: 4272.104 Thread 0x00000162cb2e7a00 Thread added: 0x00000162c1d2d290
Event: 4272.104 Thread 0x00000162cb2e7a00 Thread added: 0x00000162c1d2d920
Event: 4272.104 Thread 0x00000162cb2e7a00 Thread added: 0x00000162c3fea4c0
Event: 4272.105 Thread 0x00000162cb2e7a00 Thread added: 0x00000162c3fe9110
Event: 4272.105 Thread 0x00000162cb2e7a00 Thread added: 0x00000162c3fe7040
Event: 4272.105 Thread 0x00000162cb2e7a00 Thread added: 0x00000162c3fe76d0
Event: 4272.105 Thread 0x00000162cb2e7a00 Thread added: 0x00000162c3fe97a0
Event: 4272.105 Thread 0x00000162cb2e7a00 Thread added: 0x00000162c3fe9e30


Dynamic libraries:
0x00007ff71b260000 - 0x00007ff71b26a000 	C:\Program Files\Android\Android Studio\jbr\bin\java.exe
0x00007fff74700000 - 0x00007fff74967000 	C:\WINDOWS\SYSTEM32\ntdll.dll
0x00007fff73410000 - 0x00007fff734d9000 	C:\WINDOWS\System32\KERNEL32.DLL
0x00007fff720a0000 - 0x00007fff7248f000 	C:\WINDOWS\System32\KERNELBASE.dll
0x00007fff71d60000 - 0x00007fff71eab000 	C:\WINDOWS\System32\ucrtbase.dll
0x00007fff51f00000 - 0x00007fff51f18000 	C:\Program Files\Android\Android Studio\jbr\bin\jli.dll
0x00007fff73590000 - 0x00007fff73755000 	C:\WINDOWS\System32\USER32.dll
0x00007fff71b00000 - 0x00007fff71b27000 	C:\WINDOWS\System32\win32u.dll
0x00007fff731e0000 - 0x00007fff7320b000 	C:\WINDOWS\System32\GDI32.dll
0x00007fff71850000 - 0x00007fff7197c000 	C:\WINDOWS\System32\gdi32full.dll
0x00007fff71ff0000 - 0x00007fff72093000 	C:\WINDOWS\System32\msvcp_win.dll
0x00007fff5d060000 - 0x00007fff5d2f3000 	C:\WINDOWS\WinSxS\amd64_microsoft.windows.common-controls_6595b64144ccf1df_6.0.26100.7309_none_3e05feeae336a044\COMCTL32.dll
0x00007fff73360000 - 0x00007fff73409000 	C:\WINDOWS\System32\msvcrt.dll
0x00007ffef28e0000 - 0x00007ffef28fb000 	C:\Program Files\Android\Android Studio\jbr\bin\VCRUNTIME140.dll
0x00007fff73320000 - 0x00007fff73351000 	C:\WINDOWS\System32\IMM32.DLL
0x00007ffef28d0000 - 0x00007ffef28dc000 	C:\Program Files\Android\Android Studio\jbr\bin\vcruntime140_1.dll
0x00007fff1a960000 - 0x00007fff1a9ed000 	C:\Program Files\Android\Android Studio\jbr\bin\msvcp140.dll
0x00007ffedaa70000 - 0x00007ffedb6fb000 	C:\Program Files\Android\Android Studio\jbr\bin\server\jvm.dll
0x00007fff737e0000 - 0x00007fff73894000 	C:\WINDOWS\System32\ADVAPI32.dll
0x00007fff734e0000 - 0x00007fff73586000 	C:\WINDOWS\System32\sechost.dll
0x00007fff73da0000 - 0x00007fff73eb8000 	C:\WINDOWS\System32\RPCRT4.dll
0x00007fff73760000 - 0x00007fff737d4000 	C:\WINDOWS\System32\WS2_32.dll
0x00007fff716d0000 - 0x00007fff7172e000 	C:\WINDOWS\SYSTEM32\POWRPROF.dll
0x00007fff69160000 - 0x00007fff69195000 	C:\WINDOWS\SYSTEM32\WINMM.dll
0x00007fff693c0000 - 0x00007fff693cb000 	C:\WINDOWS\SYSTEM32\VERSION.dll
0x00007fff716b0000 - 0x00007fff716c4000 	C:\WINDOWS\SYSTEM32\UMPDC.dll
0x00007fff70600000 - 0x00007fff7061b000 	C:\WINDOWS\SYSTEM32\kernel.appcore.dll
0x00007ffef28c0000 - 0x00007ffef28ca000 	C:\Program Files\Android\Android Studio\jbr\bin\jimage.dll
0x00007fff663e0000 - 0x00007fff66622000 	C:\WINDOWS\SYSTEM32\DBGHELP.DLL
0x00007fff72660000 - 0x00007fff729e6000 	C:\WINDOWS\System32\combase.dll
0x00007fff73240000 - 0x00007fff73316000 	C:\WINDOWS\System32\OLEAUT32.dll
0x00007fff5f570000 - 0x00007fff5f5ac000 	C:\WINDOWS\SYSTEM32\dbgcore.DLL
0x00007fff71f40000 - 0x00007fff71fe5000 	C:\WINDOWS\System32\bcryptPrimitives.dll
0x00007fff2b450000 - 0x00007fff2b45e000 	C:\Program Files\Android\Android Studio\jbr\bin\instrument.dll
0x00007ffef28a0000 - 0x00007ffef28c0000 	C:\Program Files\Android\Android Studio\jbr\bin\java.dll
0x00007ffeefd70000 - 0x00007ffeefd88000 	C:\Program Files\Android\Android Studio\jbr\bin\zip.dll
0x00007fff73ec0000 - 0x00007fff74613000 	C:\WINDOWS\System32\SHELL32.dll
0x00007fff71bf0000 - 0x00007fff71d5a000 	C:\WINDOWS\System32\wintypes.dll
0x00007fff6f470000 - 0x00007fff6fcce000 	C:\WINDOWS\SYSTEM32\windows.storage.dll
0x00007fff72b70000 - 0x00007fff72c64000 	C:\WINDOWS\System32\SHCORE.dll
0x00007fff74650000 - 0x00007fff746b6000 	C:\WINDOWS\System32\shlwapi.dll
0x00007fff71770000 - 0x00007fff71799000 	C:\WINDOWS\SYSTEM32\profapi.dll
0x00007ffef2890000 - 0x00007ffef28a0000 	C:\Program Files\Android\Android Studio\jbr\bin\net.dll
0x00007fff69d40000 - 0x00007fff69e68000 	C:\WINDOWS\SYSTEM32\WINHTTP.dll
0x00007fff70b70000 - 0x00007fff70bdb000 	C:\WINDOWS\system32\mswsock.dll
0x00007ffeefd50000 - 0x00007ffeefd66000 	C:\Program Files\Android\Android Studio\jbr\bin\nio.dll
0x00007ffeda690000 - 0x00007ffeda6a0000 	C:\Program Files\Android\Android Studio\jbr\bin\verify.dll
0x00007fff26830000 - 0x00007fff26857000 	C:\Users\quy14\.gradle\native\c067742578af261105cb4f569cf0c3c89f3d7b1fecec35dd04571415982c5e48\windows-amd64\native-platform.dll
0x00007ffec11d0000 - 0x00007ffec1314000 	C:\Users\quy14\.gradle\native\100fb08df4bc3b14c8652ba06237920a3bd2aa13389f12d3474272988ae205f9\windows-amd64\native-platform-file-events.dll
0x00007ffeda6c0000 - 0x00007ffeda6c9000 	C:\Program Files\Android\Android Studio\jbr\bin\management.dll
0x00007ffeda6b0000 - 0x00007ffeda6bb000 	C:\Program Files\Android\Android Studio\jbr\bin\management_ext.dll
0x00007fff731d0000 - 0x00007fff731d8000 	C:\WINDOWS\System32\PSAPI.DLL
0x00007fff70e30000 - 0x00007fff70e4b000 	C:\WINDOWS\SYSTEM32\CRYPTSP.dll
0x00007fff70560000 - 0x00007fff7059a000 	C:\WINDOWS\system32\rsaenh.dll
0x00007fff70c20000 - 0x00007fff70c4b000 	C:\WINDOWS\SYSTEM32\USERENV.dll
0x00007fff71740000 - 0x00007fff7176a000 	C:\WINDOWS\SYSTEM32\bcrypt.dll
0x00007fff70e50000 - 0x00007fff70e5c000 	C:\WINDOWS\SYSTEM32\CRYPTBASE.dll
0x00007fff70010000 - 0x00007fff70044000 	C:\WINDOWS\SYSTEM32\IPHLPAPI.DLL
0x00007fff725c0000 - 0x00007fff725ca000 	C:\WINDOWS\System32\NSI.dll
0x00007ffeef2f0000 - 0x00007ffeef2f9000 	C:\Program Files\Android\Android Studio\jbr\bin\extnet.dll
0x00007fff66010000 - 0x00007fff66018000 	C:\WINDOWS\system32\wshunix.dll
0x00007fff70050000 - 0x00007fff7017c000 	C:\WINDOWS\SYSTEM32\DNSAPI.dll
0x00007fff69cf0000 - 0x00007fff69cfb000 	C:\Windows\System32\rasadhlp.dll
0x00007fff6b630000 - 0x00007fff6b6b6000 	C:\WINDOWS\System32\fwpuclnt.dll
0x00007fff70720000 - 0x00007fff70756000 	C:\WINDOWS\SYSTEM32\ntmarta.dll

dbghelp: loaded successfully - version: 4.0.5 - missing functions: none
symbol engine: initialized successfully - sym options: 0x614 - pdb path: .;C:\Program Files\Android\Android Studio\jbr\bin;C:\WINDOWS\SYSTEM32;C:\WINDOWS\WinSxS\amd64_microsoft.windows.common-controls_6595b64144ccf1df_6.0.26100.7309_none_3e05feeae336a044;C:\Program Files\Android\Android Studio\jbr\bin\server;C:\Users\quy14\.gradle\native\c067742578af261105cb4f569cf0c3c89f3d7b1fecec35dd04571415982c5e48\windows-amd64;C:\Users\quy14\.gradle\native\100fb08df4bc3b14c8652ba06237920a3bd2aa13389f12d3474272988ae205f9\windows-amd64

VM Arguments:
jvm_args: --add-opens=java.base/java.lang=ALL-UNNAMED --add-opens=java.base/java.lang.invoke=ALL-UNNAMED --add-opens=java.base/java.util=ALL-UNNAMED --add-opens=java.prefs/java.util.prefs=ALL-UNNAMED --add-exports=jdk.compiler/com.sun.tools.javac.api=ALL-UNNAMED --add-exports=jdk.compiler/com.sun.tools.javac.util=ALL-UNNAMED --add-opens=java.base/java.util=ALL-UNNAMED --add-opens=java.prefs/java.util.prefs=ALL-UNNAMED --add-opens=java.base/java.nio.charset=ALL-UNNAMED --add-opens=java.base/java.net=ALL-UNNAMED --add-opens=java.base/java.util.concurrent.atomic=ALL-UNNAMED --add-opens=java.xml/javax.xml.namespace=ALL-UNNAMED -Xmx2048m -Dfile.encoding=UTF-8 -Duser.country=VN -Duser.language=vi -Duser.variant -javaagent:C:\Users\quy14\.gradle\wrapper\dists\gradle-8.11.1-bin\bpt9gzteqjrbo1mjrsomdt32c\gradle-8.11.1\lib\agents\gradle-instrumentation-agent-8.11.1.jar 
java_command: org.gradle.launcher.daemon.bootstrap.GradleDaemon 8.11.1
java_class_path (initial): C:\Users\quy14\.gradle\wrapper\dists\gradle-8.11.1-bin\bpt9gzteqjrbo1mjrsomdt32c\gradle-8.11.1\lib\gradle-daemon-main-8.11.1.jar
Launcher Type: SUN_STANDARD

[Global flags]
     intx CICompilerCount                          = 4                                         {product} {ergonomic}
     uint ConcGCThreads                            = 3                                         {product} {ergonomic}
     uint G1ConcRefinementThreads                  = 10                                        {product} {ergonomic}
   size_t G1HeapRegionSize                         = 1048576                                   {product} {ergonomic}
    uintx GCDrainStackTargetSize                   = 64                                        {product} {ergonomic}
   size_t InitialHeapSize                          = 260046848                                 {product} {ergonomic}
   size_t MarkStackSize                            = 4194304                                   {product} {ergonomic}
   size_t MaxHeapSize                              = 2147483648                                {product} {command line}
   size_t MaxNewSize                               = 1287651328                                {product} {ergonomic}
   size_t MinHeapDeltaBytes                        = 1048576                                   {product} {ergonomic}
   size_t MinHeapSize                              = 8388608                                   {product} {ergonomic}
    uintx NonNMethodCodeHeapSize                   = 5839372                                {pd product} {ergonomic}
    uintx NonProfiledCodeHeapSize                  = 122909434                              {pd product} {ergonomic}
    uintx ProfiledCodeHeapSize                     = 122909434                              {pd product} {ergonomic}
    uintx ReservedCodeCacheSize                    = 251658240                              {pd product} {ergonomic}
     bool SegmentedCodeCache                       = true                                      {product} {ergonomic}
   size_t SoftMaxHeapSize                          = 2147483648                             {manageable} {ergonomic}
     bool UseCompressedOops                        = true                           {product lp64_product} {ergonomic}
     bool UseG1GC                                  = true                                      {product} {ergonomic}
     bool UseLargePagesIndividualAllocation        = false                                  {pd product} {ergonomic}

Logging:
Log output configuration:
 #0: stdout all=warning uptime,level,tags foldmultilines=false
 #1: stderr all=off uptime,level,tags foldmultilines=false

Environment Variables:
JAVA_HOME=C:\Program Files\Java\jdk-23
PATH=C:\Python312\Scripts;C:\Python312;C:\Program Files\Common Files\Oracle\Java\javapath;C:\Program Files (x86)\Common Files\Oracle\Java\java8path;C:\Program Files (x86)\Common Files\Oracle\Java\javapath;C:\WINDOWS\system32;C:\WINDOWS;C:\WINDOWS\System32\Wbem;C:\WINDOWS\System32\WindowsPowerShell\v1.0\;C:\WINDOWS\System32\OpenSSH\;C:\Program Files\Git\cmd;C:\Java\bin;C:\hadoop\hadoop-3.3.0\bin;C:\hadoop\hadoop-3.3.0\sbin;C:\Users\quy14\AppData\Local\Android\Sdk\emulator;C:\Program Files\Java\jdk-23\bin;C:\Program Files\Docker\Docker\resources\bin;C:\Users\quy14\AppData\Local\Programs\Python\Python313\Scripts;C:\xampp\php;C:\ProgramData\ComposerSetup\bin;C:\Program Files\Cloudflare\Cloudflare WARP\;C:\Users\quy14\AppData\Local\Programs\Python\Launcher\;C:\Users\quy14\AppData\Local\Microsoft\WindowsApps;C:\Users\quy14\AppData\Local\Programs\Microsoft VS Code\bin;C:\Java\bin;C:\hadoop\hadoop-3.3.0\bin;C:\hadoop\hadoop-3.3.0\sbin;C:\Users\quy14\AppData\Local\Programs\mongosh\;C:\Users\quy14\AppData\Local\Dart_SDK\dart-sdk\bin;C:\Users\quy14\AppData\Local\Flutter\flutter\bin;C:\Program Files\JetBrains\IntelliJ IDEA Community Edition 2024.3.3\bin;;C:\Program Files\Tesseract-OCR;C:\Users\quy14\AppData\Local\Android\Sdk\platforms;C:\Users\quy14\AppData\Roaming\Composer\vendor\bin
USERNAME=quy14
OS=Windows_NT
PROCESSOR_IDENTIFIER=AMD64 Family 25 Model 80 Stepping 0, AuthenticAMD
TMP=C:\Users\quy14\AppData\Local\Temp
TEMP=C:\Users\quy14\AppData\Local\Temp




Periodic native trim disabled

JNI global refs:
JNI global refs: 29, weak refs: 0

JNI global refs memory usage: 835, weak refs: 833

Process memory usage:
Resident Set Size: 342224K (2% of 16132956K total physical memory with 542360K free physical memory)

OOME stack traces (most recent first):
Classloader memory used:
Loader org.gradle.internal.classloader.VisitableURLClassLoader$InstrumentingVisitableURLClassLoader: 54021K
Loader org.gradle.internal.classloader.VisitableURLClassLoader                         : 45079K
Loader bootstrap                                                                       : 34098K
Loader org.gradle.initialization.MixInLegacyTypesClassLoader                           : 14207K
Loader jdk.internal.loader.ClassLoaders$AppClassLoader                                 : 10828K
Loader jdk.internal.loader.ClassLoaders$PlatformClassLoader                            : 1106K
Loader jdk.internal.reflect.DelegatingClassLoader                                      : 428K
Loader jdk.internal.jrtfs.JrtFileSystemProvider$JrtFsLoader                            : 300K
Loader org.gradle.internal.classloader.VisitableURLClassLoader                         : 249K
Loader sun.reflect.misc.MethodUtil                                                     : 2952B

Classes loaded by more than one classloader:
Class Program                                                                         : loaded 5 times (x 68B)
Class Build_gradle                                                                    : loaded 3 times (x 126B)
Class Build_gradle$1                                                                  : loaded 3 times (x 70B)
Class org.gradle.internal.classloader.FilteringClassLoader                            : loaded 2 times (x 101B)
Class jdk.internal.jimage.BasicImageReader                                            : loaded 2 times (x 91B)
Class com.google.common.cache.LocalCache$ValueIterator                                : loaded 2 times (x 82B)
Class [Lcom.google.common.collect.MapMakerInternalMap$Segment;                        : loaded 2 times (x 65B)
Class com.google.common.io.FileWriteMode                                              : loaded 2 times (x 75B)
Class [Lcom.google.common.base.AbstractIterator$State;                                : loaded 2 times (x 65B)
Class com.google.common.base.CharMatcher$IsEither                                     : loaded 2 times (x 107B)
Class org.gradle.internal.classloader.ClassLoaderHierarchy                            : loaded 2 times (x 66B)
Class [Lcom.google.common.cache.RemovalCause;                                         : loaded 2 times (x 65B)
Class com.google.common.collect.AbstractMapBasedMultimap$WrappedCollection            : loaded 2 times (x 120B)
Class com.google.common.collect.ImmutableEnumSet                                      : loaded 2 times (x 142B)
Class com.google.common.util.concurrent.ExecutionError                                : loaded 2 times (x 78B)
Class com.google.common.collect.ImmutableList$1                                       : loaded 2 times (x 93B)
Class org.gradle.api.internal.classpath.ManifestUtil                                  : loaded 2 times (x 67B)
Class com.google.common.io.ByteArrayDataOutput                                        : loaded 2 times (x 66B)
Class org.apache.commons.io.FileSystem                                                : loaded 2 times (x 76B)
Class com.google.common.collect.RegularImmutableMap                                   : loaded 2 times (x 117B)
Class com.google.common.collect.ImmutableMap$MapViewOfValuesAsSingletonSets           : loaded 2 times (x 122B)
Class org.apache.commons.io.function.IOFunction                                       : loaded 2 times (x 66B)
Class com.google.common.cache.LocalCache$Values                                       : loaded 2 times (x 114B)
Class com.google.common.collect.TransformedListIterator                               : loaded 2 times (x 89B)
Class com.google.common.reflect.TypeCapture                                           : loaded 2 times (x 67B)
Class [Lorg.objectweb.asm.Symbol;                                                     : loaded 2 times (x 65B)
Class org.objectweb.asm.ClassVisitor                                                  : loaded 2 times (x 84B)
Class com.google.common.collect.UnmodifiableListIterator                              : loaded 2 times (x 91B)
Class com.google.common.collect.MapMakerInternalMap$StrongKeyDummyValueEntry$LinkedStrongKeyDummyValueEntry: loaded 2 times (x 78B)
Class com.google.common.collect.MapMakerInternalMap$Strength                          : loaded 2 times (x 76B)
Class com.google.common.base.Platform$JdkPatternCompiler                              : loaded 2 times (x 71B)
Class org.objectweb.asm.MethodTooLargeException                                       : loaded 2 times (x 79B)
Class [Lcom.google.common.cache.CacheBuilder$OneWeigher;                              : loaded 2 times (x 65B)
Class com.google.common.base.Suppliers                                                : loaded 2 times (x 67B)
Class org.gradle.internal.classloader.DefaultClassLoaderFactory                       : loaded 2 times (x 78B)
Class com.google.common.io.ByteSource$ConcatenatedByteSource                          : loaded 2 times (x 81B)
Class org.apache.commons.io.file.PathUtils                                            : loaded 2 times (x 67B)
Class [Lcom.google.common.collect.AbstractIterator$State;                             : loaded 2 times (x 65B)
Class com.google.common.base.CharMatcher$None                                         : loaded 2 times (x 108B)
Class org.gradle.internal.classloader.ClassLoaderVisitor                              : loaded 2 times (x 72B)
Class [Lcom.google.common.collect.ImmutableMapEntry;                                  : loaded 2 times (x 65B)
Class org.gradle.api.internal.classpath.EffectiveClassPath                            : loaded 2 times (x 86B)
Class com.google.common.collect.ImmutableRangeSet                                     : loaded 2 times (x 111B)
Class [Lorg.apache.commons.io.StandardLineSeparator;                                  : loaded 2 times (x 65B)
Class org.apache.commons.io.output.StringBuilderWriter                                : loaded 2 times (x 96B)
Class com.google.common.collect.ListMultimap                                          : loaded 2 times (x 66B)
Class com.google.common.collect.ImmutableEnumMap                                      : loaded 2 times (x 122B)
Class com.google.common.collect.Iterators$EmptyModifiableIterator                     : loaded 2 times (x 82B)
Class com.google.common.collect.Sets$1                                                : loaded 2 times (x 135B)
Class org.objectweb.asm.AnnotationVisitor                                             : loaded 2 times (x 74B)
Class com.google.common.base.Splitter                                                 : loaded 2 times (x 68B)
Class org.gradle.api.internal.DefaultClassPathProvider                                : loaded 2 times (x 72B)
Class org.apache.commons.io.FilenameUtils                                             : loaded 2 times (x 67B)
Class com.google.common.collect.MapMakerInternalMap$Strength$1                        : loaded 2 times (x 76B)
Class com.google.common.collect.Maps$ViewCachingAbstractMap                           : loaded 2 times (x 121B)
Class [Lcom.google.common.base.Function;                                              : loaded 2 times (x 65B)
Class com.google.common.collect.Sets$2                                                : loaded 2 times (x 135B)
Class [Lorg.gradle.api.internal.ClassPathProvider;                                    : loaded 2 times (x 65B)
Class org.gradle.api.internal.ClassPathProvider                                       : loaded 2 times (x 66B)
Class jdk.internal.jrtfs.SystemImage                                                  : loaded 2 times (x 70B)
Class [Lorg.objectweb.asm.AnnotationVisitor;                                          : loaded 2 times (x 65B)
Class com.google.common.collect.MapMakerInternalMap$Strength$2                        : loaded 2 times (x 76B)
Class com.google.common.reflect.Types$ClassOwnership$1                                : loaded 2 times (x 76B)
Class com.google.common.collect.Sets$3                                                : loaded 2 times (x 135B)
Class com.google.common.util.concurrent.AbstractFuture$SafeAtomicHelper               : loaded 2 times (x 75B)
Class com.google.common.cache.LocalCache$LocalLoadingCache                            : loaded 2 times (x 130B)
Class com.google.common.base.AbstractIterator$State                                   : loaded 2 times (x 75B)
Class org.gradle.internal.service.UnknownServiceException                             : loaded 2 times (x 79B)
Class com.google.common.io.ByteArrayDataInput                                         : loaded 2 times (x 66B)
Class [Lorg.apache.commons.io.IOCase;                                                 : loaded 2 times (x 65B)
Class com.google.common.collect.MapMakerInternalMap$StrongValueEntry                  : loaded 2 times (x 66B)
Class com.google.common.reflect.Types$ClassOwnership$2                                : loaded 2 times (x 76B)
Class com.google.common.reflect.TypeResolver                                          : loaded 2 times (x 68B)
Class com.google.common.collect.Sets$4                                                : loaded 2 times (x 135B)
Class org.objectweb.asm.ModuleVisitor                                                 : loaded 2 times (x 77B)
Class com.google.common.cache.LocalCache$Strength$1                                   : loaded 2 times (x 77B)
Class com.google.common.collect.Collections2$FilteredCollection                       : loaded 2 times (x 115B)
Class com.google.common.reflect.Types$ClassOwnership$3                                : loaded 2 times (x 67B)
Class org.apache.commons.io.output.QueueOutputStream                                  : loaded 2 times (x 83B)
Class com.google.common.util.concurrent.SettableFuture                                : loaded 2 times (x 110B)
Class com.google.common.cache.LocalCache$Strength$2                                   : loaded 2 times (x 77B)
Class com.google.common.io.ByteStreams                                                : loaded 2 times (x 67B)
Class org.apache.commons.io.IOCase                                                    : loaded 2 times (x 76B)
Class com.google.common.collect.Interners$InternerImpl                                : loaded 2 times (x 71B)
Class com.google.common.collect.Interner                                              : loaded 2 times (x 66B)
Class com.google.common.collect.TransformedIterator                                   : loaded 2 times (x 76B)
Class [Lcom.google.common.collect.Maps$EntryFunction;                                 : loaded 2 times (x 65B)
Class com.google.common.cache.LocalCache$Strength$3                                   : loaded 2 times (x 77B)
Class com.google.common.collect.MapDifference                                         : loaded 2 times (x 66B)
Class com.google.common.base.Splitter$1                                               : loaded 2 times (x 73B)
Class com.google.common.collect.MapMaker$Dummy                                        : loaded 2 times (x 75B)
Class com.google.common.reflect.Invokable                                             : loaded 2 times (x 99B)
Class org.objectweb.asm.FieldWriter                                                   : loaded 2 times (x 74B)
Class com.google.common.cache.CacheBuilder$NullListener                               : loaded 2 times (x 78B)
Class org.gradle.internal.classpath.TransformedClassPath                              : loaded 2 times (x 92B)
Class org.gradle.internal.classloader.InstrumentingClassLoader                        : loaded 2 times (x 66B)
Class jdk.internal.jrtfs.SystemImage$1                                                : loaded 2 times (x 74B)
Class org.apache.commons.io.filefilter.AbstractFileFilter                             : loaded 2 times (x 117B)
Class com.google.common.collect.ImmutableRangeSet$AsSet                               : loaded 2 times (x 296B)
Class com.google.common.collect.Maps$IteratorBasedAbstractMap$1                       : loaded 2 times (x 134B)
Class com.google.common.reflect.Types$ParameterizedTypeImpl                           : loaded 2 times (x 77B)
Class org.apache.commons.io.output.UnsynchronizedByteArrayOutputStream                : loaded 2 times (x 98B)
Class com.google.common.cache.CacheLoader$FunctionToCacheLoader                       : loaded 2 times (x 71B)
Class com.google.common.collect.Iterators$ArrayItr                                    : loaded 2 times (x 93B)
Class com.google.common.collect.ImmutableCollection$Builder                           : loaded 2 times (x 72B)
Class jdk.internal.jrtfs.SystemImage$2                                                : loaded 2 times (x 72B)
Class com.google.common.collect.BaseImmutableMultimap                                 : loaded 2 times (x 119B)
Class com.google.common.reflect.TypeResolver$TypeVariableKey                          : loaded 2 times (x 68B)
Class org.apache.commons.io.output.ByteArrayOutputStream                              : loaded 2 times (x 98B)
Class com.google.common.base.Joiner                                                   : loaded 2 times (x 75B)
Class com.google.common.base.MoreObjects                                              : loaded 2 times (x 67B)
Class com.google.common.collect.Platform                                              : loaded 2 times (x 67B)
Class [Lorg.objectweb.asm.Type;                                                       : loaded 2 times (x 65B)
Class com.google.common.collect.UnmodifiableIterator                                  : loaded 2 times (x 76B)
Class org.gradle.internal.service.ServiceLocator                                      : loaded 2 times (x 66B)
Class jdk.internal.jrtfs.JrtFileSystemProvider                                        : loaded 2 times (x 97B)
Class org.apache.commons.io.FileExistsException                                       : loaded 2 times (x 78B)
Class com.google.common.collect.HashBiMap$BiEntry                                     : loaded 2 times (x 79B)
Class com.google.common.base.Ascii                                                    : loaded 2 times (x 67B)
Class com.google.common.collect.SingletonImmutableBiMap                               : loaded 2 times (x 139B)
Class com.google.common.cache.LocalCache$1                                            : loaded 2 times (x 85B)
Class com.google.common.collect.AbstractMapEntry                                      : loaded 2 times (x 77B)
Class com.google.common.io.ByteSource$ByteArrayByteSource                             : loaded 2 times (x 81B)
Class org.apache.commons.io.function.IOSupplier                                       : loaded 2 times (x 66B)
Class com.google.common.collect.MapMakerInternalMap$AbstractStrongKeyEntry            : loaded 2 times (x 76B)
Class com.google.common.reflect.TypeToken$SimpleTypeToken                             : loaded 2 times (x 69B)
Class com.google.common.collect.Sets$ImprovedAbstractSet                              : loaded 2 times (x 131B)
Class com.google.common.collect.ImmutableList$Builder                                 : loaded 2 times (x 73B)
Class com.google.common.collect.AbstractMultimap                                      : loaded 2 times (x 119B)
Class com.google.common.cache.LocalCache$2                                            : loaded 2 times (x 138B)
Class com.google.common.collect.ImmutableRangeSet$1                                   : loaded 2 times (x 206B)
Class com.google.common.util.concurrent.AbstractFuture$UnsafeAtomicHelper$1           : loaded 2 times (x 72B)
Class com.google.common.collect.RegularImmutableAsList                                : loaded 2 times (x 213B)
Class com.google.common.collect.Range                                                 : loaded 2 times (x 83B)
Class com.google.common.base.Optional                                                 : loaded 2 times (x 76B)
Class com.google.common.util.concurrent.AbstractFuture$Trusted                        : loaded 2 times (x 66B)
Class com.google.common.collect.Iterators                                             : loaded 2 times (x 67B)
Class jdk.internal.jrtfs.JrtDirectoryStream$1                                         : loaded 2 times (x 79B)
Class jdk.internal.jimage.ImageLocation                                               : loaded 2 times (x 86B)
Class com.google.common.io.ByteSink$AsCharSink                                        : loaded 2 times (x 76B)
Class com.google.common.util.concurrent.UncheckedExecutionException                   : loaded 2 times (x 78B)
Class com.google.common.collect.Lists$StringAsImmutableList                           : loaded 2 times (x 203B)
Class org.gradle.kotlin.dsl.VersionCatalogAccessorsKt                                 : loaded 2 times (x 67B)
Class org.gradle.internal.InternalTransformer                                         : loaded 2 times (x 66B)
Class jdk.internal.jimage.ImageBufferCache$1                                          : loaded 2 times (x 79B)
Class com.google.common.collect.AbstractMapBasedMultimap$KeySet$1                     : loaded 2 times (x 78B)
Class org.objectweb.asm.ClassWriter                                                   : loaded 2 times (x 102B)
Class com.google.common.cache.CacheLoader$UnsupportedLoadingOperationException        : loaded 2 times (x 78B)
Class com.google.common.base.CharMatcher$And                                          : loaded 2 times (x 108B)
Class org.gradle.internal.classloader.ClasspathUtil$1                                 : loaded 2 times (x 72B)
Class jdk.internal.jimage.ImageBufferCache$2                                          : loaded 2 times (x 87B)
Class com.google.common.collect.FluentIterable$1                                      : loaded 2 times (x 77B)
Class com.google.common.base.Objects                                                  : loaded 2 times (x 67B)
Class org.objectweb.asm.FieldVisitor                                                  : loaded 2 times (x 73B)
Class com.google.common.collect.IndexedImmutableSet                                   : loaded 2 times (x 148B)
Class com.google.common.collect.ImmutableMap$1                                        : loaded 2 times (x 77B)
Class com.google.common.collect.BiMap                                                 : loaded 2 times (x 66B)
Class org.gradle.api.internal.classpath.DefaultModuleRegistry$DefaultModule           : loaded 2 times (x 82B)
Class com.google.common.collect.RegularImmutableMap$KeySet                            : loaded 2 times (x 148B)
Class com.google.common.base.Absent                                                   : loaded 2 times (x 76B)
Class com.google.common.reflect.Reflection                                            : loaded 2 times (x 67B)
Class com.google.common.primitives.Ints                                               : loaded 2 times (x 67B)
Class com.google.common.collect.AbstractIterator                                      : loaded 2 times (x 78B)
Class com.google.common.collect.FluentIterable$3                                      : loaded 2 times (x 77B)
Class com.google.common.collect.Multiset                                              : loaded 2 times (x 66B)
Class com.google.common.collect.ArrayListMultimapGwtSerializationDependencies         : loaded 2 times (x 168B)
Class com.google.common.math.MathPreconditions                                        : loaded 2 times (x 67B)
Class com.google.common.collect.ObjectArrays                                          : loaded 2 times (x 67B)
Class com.google.common.collect.AbstractIndexedListIterator                           : loaded 2 times (x 92B)
Class org.apache.commons.io.output.NullOutputStream                                   : loaded 2 times (x 81B)
Class com.google.common.collect.ImmutableMapEntrySet                                  : loaded 2 times (x 148B)
Class org.gradle.api.internal.classpath.Module                                        : loaded 2 times (x 66B)
Class com.google.common.cache.Weigher                                                 : loaded 2 times (x 66B)
Class org.gradle.api.internal.classpath.UnknownModuleException                        : loaded 2 times (x 78B)
Class jdk.internal.jimage.ImageHeader                                                 : loaded 2 times (x 67B)
Class org.apache.commons.io.Charsets                                                  : loaded 2 times (x 67B)
Class com.google.common.base.Stopwatch                                                : loaded 2 times (x 68B)
Class com.google.common.cache.LocalCache$Strength                                     : loaded 2 times (x 77B)
Class com.google.common.cache.Cache                                                   : loaded 2 times (x 66B)
Class com.google.common.io.Files$2                                                    : loaded 2 times (x 72B)
Class org.apache.commons.io.filefilter.IOFileFilter                                   : loaded 2 times (x 66B)
Class com.google.common.util.concurrent.AbstractFuture$Cancellation                   : loaded 2 times (x 68B)
Class com.google.common.collect.ImmutableMap$Builder                                  : loaded 2 times (x 78B)
Class com.google.common.base.NullnessCasts                                            : loaded 2 times (x 67B)
Class com.google.common.collect.AbstractMapBasedMultimap$WrappedCollection$WrappedIterator: loaded 2 times (x 80B)
Class com.google.common.collect.Maps$EntryFunction$1                                  : loaded 2 times (x 87B)
Class com.google.common.base.Present                                                  : loaded 2 times (x 77B)
Class com.google.common.cache.RemovalListener                                         : loaded 2 times (x 66B)
Class org.gradle.api.internal.DefaultClassPathRegistry                                : loaded 2 times (x 72B)
Class org.apache.commons.io.file.DeleteOption                                         : loaded 2 times (x 66B)
Class com.google.common.collect.Maps$EntryFunction$2                                  : loaded 2 times (x 87B)
Class com.google.common.reflect.Invokable$ConstructorInvokable                        : loaded 2 times (x 103B)
Class com.google.common.primitives.IntsMethodsForWeb                                  : loaded 2 times (x 67B)
Class com.google.common.collect.Multimap                                              : loaded 2 times (x 66B)
Class org.gradle.api.internal.ClassPathRegistry                                       : loaded 2 times (x 66B)
Class org.gradle.internal.classpath.DefaultClassPath$ImmutableUniqueList              : loaded 2 times (x 195B)
Class com.google.common.collect.NullnessCasts                                         : loaded 2 times (x 67B)
Class com.google.common.collect.MapMakerInternalMap$Segment                           : loaded 2 times (x 138B)
Class com.google.common.base.ExtraObjectsMethodsForWeb                                : loaded 2 times (x 67B)
Class com.google.common.reflect.TypeToken                                             : loaded 2 times (x 69B)
Class org.apache.commons.io.IOUtils                                                   : loaded 2 times (x 67B)
Class com.google.common.base.Equivalence$Identity                                     : loaded 2 times (x 78B)
Class com.google.common.cache.RemovalCause                                            : loaded 2 times (x 76B)
Class com.google.common.io.ByteSink                                                   : loaded 2 times (x 72B)
Class com.google.common.cache.CacheBuilder                                            : loaded 2 times (x 68B)
Class com.google.common.collect.SingletonImmutableList                                : loaded 2 times (x 203B)
Class Settings_gradle$1                                                               : loaded 2 times (x 70B)
Class org.gradle.internal.classpath.ClassPath                                         : loaded 2 times (x 66B)
Class org.gradle.api.UncheckedIOException                                             : loaded 2 times (x 78B)
Class com.google.common.collect.Interners$InternerBuilder                             : loaded 2 times (x 72B)
Class com.google.common.io.Files$FileByteSource                                       : loaded 2 times (x 81B)
Class [Lcom.google.common.reflect.Types$JavaVersion;                                  : loaded 2 times (x 65B)
Class com.google.common.collect.ImmutableList$ReverseImmutableList                    : loaded 2 times (x 205B)
Class com.google.common.base.JdkPattern                                               : loaded 2 times (x 71B)
Class org.objectweb.asm.SymbolTable$Entry                                             : loaded 2 times (x 70B)
Class com.google.common.util.concurrent.AbstractFuture$AtomicHelper                   : loaded 2 times (x 74B)
Class jdk.internal.jimage.ImageStringsReader                                          : loaded 2 times (x 76B)
Class org.objectweb.asm.Edge                                                          : loaded 2 times (x 68B)
Class com.google.common.base.Suppliers$SupplierOfInstance                             : loaded 2 times (x 75B)
Class com.google.common.collect.Iterators$1                                           : loaded 2 times (x 77B)
Class com.google.common.reflect.TypeToken$1                                           : loaded 2 times (x 106B)
Class com.google.common.cache.LocalCache$ComputingValueReference                      : loaded 2 times (x 92B)
Class com.google.common.collect.SingletonImmutableSet                                 : loaded 2 times (x 142B)
Class com.google.common.collect.ImmutableMap$IteratorBasedImmutableMap                : loaded 2 times (x 122B)
Class jdk.internal.jimage.ImageReader                                                 : loaded 2 times (x 71B)
Class com.google.common.reflect.TypeToken$2                                           : loaded 2 times (x 106B)
Class com.google.common.cache.LocalCache$Segment                                      : loaded 2 times (x 150B)
Class jdk.internal.jimage.ImageReader$SharedImageReader                               : loaded 2 times (x 91B)
Class com.google.common.collect.SortedIterable                                        : loaded 2 times (x 66B)
Class com.google.common.collect.AbstractListMultimap                                  : loaded 2 times (x 168B)
Class [Lorg.objectweb.asm.SymbolTable$Entry;                                          : loaded 2 times (x 65B)
Class com.google.common.cache.CacheLoader                                             : loaded 2 times (x 70B)
Class com.google.common.collect.Iterators$4                                           : loaded 2 times (x 78B)
Class com.google.common.collect.ImmutableBiMap                                        : loaded 2 times (x 139B)
Class org.gradle.internal.installation.GradleInstallation$1                           : loaded 2 times (x 71B)
Class org.gradle.api.internal.classpath.ModuleRegistry                                : loaded 2 times (x 66B)
Class org.apache.commons.io.output.NullWriter                                         : loaded 2 times (x 95B)
Class com.google.common.util.concurrent.internal.InternalFutureFailureAccess          : loaded 2 times (x 68B)
Class com.google.common.collect.Iterators$5                                           : loaded 2 times (x 78B)
Class com.google.common.collect.ImmutableSet$JdkBackedSetBuilderImpl                  : loaded 2 times (x 72B)
Class com.google.common.base.Splitter$SplittingIterator                               : loaded 2 times (x 80B)
Class com.google.common.collect.Iterators$6                                           : loaded 2 times (x 77B)
Class com.google.common.collect.HashBiMap$Inverse                                     : loaded 2 times (x 138B)
Class com.google.common.util.concurrent.AbstractFuture$UnsafeAtomicHelper             : loaded 2 times (x 74B)
Class com.google.common.cache.LocalCache$LocalManualCache$1                           : loaded 2 times (x 71B)
Class com.google.common.base.CharMatcher$ForPredicate                                 : loaded 2 times (x 108B)
Class jdk.internal.jimage.ImageReader$Node                                            : loaded 2 times (x 80B)
Class com.google.common.collect.ImmutableCollection                                   : loaded 2 times (x 121B)
Class com.google.common.base.CharMatcher$AnyOf                                        : loaded 2 times (x 108B)
Class org.gradle.api.internal.classpath.DefaultModuleRegistry                         : loaded 2 times (x 82B)
Class jdk.internal.jimage.BasicImageReader$1                                          : loaded 2 times (x 73B)
Class com.google.common.util.concurrent.ListenableFuture                              : loaded 2 times (x 66B)
Class com.google.common.cache.ReferenceEntry                                          : loaded 2 times (x 66B)
Class com.google.common.base.Converter                                                : loaded 2 times (x 86B)
Class com.google.common.collect.ImmutableSet$CachingAsList                            : loaded 2 times (x 144B)
Class com.google.common.collect.Lists                                                 : loaded 2 times (x 67B)
Class com.google.common.collect.AbstractMapBasedMultimap                              : loaded 2 times (x 135B)
Class com.google.common.util.concurrent.AbstractFuture                                : loaded 2 times (x 102B)
Class com.google.common.base.FunctionalEquivalence                                    : loaded 2 times (x 79B)
Class com.google.common.collect.Iterators$9                                           : loaded 2 times (x 77B)
Class com.google.common.collect.ImmutableAsList                                       : loaded 2 times (x 205B)
Class com.google.common.reflect.TypeResolver$TypeTable                                : loaded 2 times (x 69B)
Class org.objectweb.asm.RecordComponentVisitor                                        : loaded 2 times (x 73B)
Class com.google.common.cache.CacheLoader$SupplierToCacheLoader                       : loaded 2 times (x 71B)
Class jdk.internal.jimage.decompressor.Decompressor                                   : loaded 2 times (x 68B)
Class jdk.internal.jimage.ImageReader$Resource                                        : loaded 2 times (x 80B)
Class com.google.common.reflect.TypeResolver$TypeTable$1                              : loaded 2 times (x 69B)
Class com.google.common.collect.Maps$EntryTransformer                                 : loaded 2 times (x 66B)
Class org.gradle.internal.service.ServiceLookupException                              : loaded 2 times (x 78B)
Class jdk.internal.jrtfs.JrtFileAttributes                                            : loaded 2 times (x 79B)
Class com.google.common.base.CharMatcher$JavaLetter                                   : loaded 2 times (x 107B)
Class com.google.common.collect.ImmutableSortedSet                                    : loaded 2 times (x 296B)
Class com.google.common.collect.Lists$ReverseList                                     : loaded 2 times (x 196B)
Class [Lcom.google.common.cache.LocalCache$EntryFactory;                              : loaded 2 times (x 65B)
Class org.gradle.internal.classloader.ClassLoaderFactory                              : loaded 2 times (x 66B)
Class [Lorg.apache.commons.io.FileSystem;                                             : loaded 2 times (x 65B)
Class com.google.common.collect.ImmutableMap$SerializedForm                           : loaded 2 times (x 69B)
Class org.apache.commons.io.CloseableURLConnection                                    : loaded 2 times (x 112B)
Class com.google.common.cache.LocalCache$LocalManualCache                             : loaded 2 times (x 95B)
Class com.google.common.base.CharMatcher$IsNot                                        : loaded 2 times (x 107B)
Class com.google.common.base.CommonPattern                                            : loaded 2 times (x 70B)
Class org.gradle.internal.service.CachingServiceLocator                               : loaded 2 times (x 78B)
Class org.apache.commons.io.filefilter.ConditionalFileFilter                          : loaded 2 times (x 66B)
Class com.google.common.collect.RegularImmutableSortedSet                             : loaded 2 times (x 296B)
Class com.google.common.collect.AbstractMapBasedMultimap$KeySet                       : loaded 2 times (x 133B)
Class com.google.common.math.IntMath                                                  : loaded 2 times (x 67B)
Class com.google.common.collect.MapMakerInternalMap$InternalEntry                     : loaded 2 times (x 66B)
Class [Lcom.google.common.collect.HashBiMap$BiEntry;                                  : loaded 2 times (x 65B)
Class com.google.common.reflect.Types$TypeVariableInvocationHandler                   : loaded 2 times (x 71B)
Class com.google.common.collect.ImmutableMapEntry                                     : loaded 2 times (x 81B)
Class com.google.common.collect.ImmutableMultimap                                     : loaded 2 times (x 143B)
Class com.google.common.base.Predicates                                               : loaded 2 times (x 67B)
Class com.google.common.base.Equivalence                                              : loaded 2 times (x 78B)
Class com.google.common.base.Function                                                 : loaded 2 times (x 66B)
Class com.google.common.collect.ImmutableMapEntry$NonTerminalImmutableMapEntry        : loaded 2 times (x 81B)
Class com.google.common.collect.IndexedImmutableSet$1                                 : loaded 2 times (x 209B)
Class org.apache.commons.io.output.AbstractByteArrayOutputStream                      : loaded 2 times (x 98B)
Class com.google.common.cache.CacheBuilder$OneWeigher                                 : loaded 2 times (x 78B)
Class com.google.common.collect.RegularImmutableList                                  : loaded 2 times (x 209B)
Class jdk.internal.jimage.ImageBufferCache                                            : loaded 2 times (x 67B)
Class jdk.internal.jrtfs.JrtPath                                                      : loaded 2 times (x 114B)
Class com.google.common.collect.Maps$EntryFunction                                    : loaded 2 times (x 87B)
Class com.google.common.reflect.Types$ClassOwnership$1LocalClass                      : loaded 2 times (x 67B)
Class org.gradle.internal.classloader.ClasspathUtil                                   : loaded 2 times (x 67B)
Class com.google.common.base.Charsets                                                 : loaded 2 times (x 67B)
Class com.google.common.util.concurrent.Uninterruptibles                              : loaded 2 times (x 67B)
Class com.google.common.io.CharSource                                                 : loaded 2 times (x 81B)
Class com.google.common.collect.Maps                                                  : loaded 2 times (x 67B)
Class org.gradle.api.specs.Spec                                                       : loaded 2 times (x 66B)
Class jdk.internal.jimage.ImageReader$SharedImageReader$LocationVisitor               : loaded 2 times (x 66B)
Class com.google.common.collect.MapMaker                                              : loaded 2 times (x 68B)
Class org.apache.commons.io.file.PathFilter                                           : loaded 2 times (x 66B)
Class com.google.common.reflect.Types$JavaVersion                                     : loaded 2 times (x 79B)
Class [Lcom.google.common.collect.ImmutableEntry;                                     : loaded 2 times (x 65B)
Class com.google.common.cache.LocalCache$LoadingValueReference                        : loaded 2 times (x 92B)
Class com.google.common.collect.FluentIterable$2                                      : loaded 2 times (x 77B)
Class org.apache.commons.io.filefilter.AndFileFilter                                  : loaded 2 times (x 128B)
Class com.google.common.collect.MapMakerInternalMap$StrongKeyDummyValueEntry          : loaded 2 times (x 78B)
Class com.google.common.reflect.Invokable$MethodInvokable                             : loaded 2 times (x 103B)
Class com.google.common.base.Platform                                                 : loaded 2 times (x 67B)
Class jdk.internal.jimage.ImageReader$Directory                                       : loaded 2 times (x 80B)
Class [Lorg.objectweb.asm.AnnotationWriter;                                           : loaded 2 times (x 65B)
Class com.google.common.collect.AbstractMapBasedMultimap$WrappedList                  : loaded 2 times (x 201B)
Class com.google.common.collect.Maps$8                                                : loaded 2 times (x 78B)
Class [Lcom.google.common.collect.Iterators$EmptyModifiableIterator;                  : loaded 2 times (x 65B)
Class com.google.common.collect.ImmutableRangeSet$Builder                             : loaded 2 times (x 73B)
Class com.google.common.base.Predicates$CompositionPredicate                          : loaded 2 times (x 84B)
Class com.google.common.collect.Lists$ReverseList$1                                   : loaded 2 times (x 95B)
Class com.google.common.collect.Sets$SetView                                          : loaded 2 times (x 134B)
Class com.google.common.cache.LocalCache$StrongValueReference                         : loaded 2 times (x 86B)
Class com.google.common.util.concurrent.AbstractFuture$SynchronizedHelper             : loaded 2 times (x 74B)
Class com.google.common.graph.SuccessorsFunction                                      : loaded 2 times (x 66B)
Class org.objectweb.asm.Type                                                          : loaded 2 times (x 68B)
Class org.gradle.internal.classloader.VisitableURLClassLoader$InstrumentingVisitableURLClassLoader: loaded 2 times (x 119B)
Class com.google.common.collect.MapMakerInternalMap$StrongKeyDummyValueEntry$Helper   : loaded 2 times (x 75B)
Class org.apache.commons.io.FileUtils                                                 : loaded 2 times (x 67B)
Class com.google.common.io.Files$FileByteSink                                         : loaded 2 times (x 73B)
Class org.objectweb.asm.ByteVector                                                    : loaded 2 times (x 75B)
Class [Lcom.google.common.cache.CacheBuilder$NullListener;                            : loaded 2 times (x 65B)
Class com.google.common.math.IntMath$1                                                : loaded 2 times (x 67B)
Class org.gradle.internal.classloader.VisitableURLClassLoader$Spec                    : loaded 2 times (x 70B)
Class org.gradle.internal.classpath.DefaultClassPath                                  : loaded 2 times (x 86B)
Class com.google.common.reflect.Types$ClassOwnership                                  : loaded 2 times (x 76B)
Class org.objectweb.asm.Symbol                                                        : loaded 2 times (x 69B)
Class com.google.common.base.AbstractIterator                                         : loaded 2 times (x 76B)
Class com.google.common.collect.Sets$FilteredSet                                      : loaded 2 times (x 133B)
Class com.google.common.io.Closer                                                     : loaded 2 times (x 74B)
Class com.google.common.base.CharMatcher$Ascii                                        : loaded 2 times (x 108B)
Class com.google.common.collect.RegularImmutableMap$Values                            : loaded 2 times (x 203B)
Class com.google.common.collect.ImmutableSet                                          : loaded 2 times (x 141B)
Class com.google.common.base.CharMatcher$BitSetMatcher                                : loaded 2 times (x 108B)
Class org.gradle.internal.classloader.ClassLoaderSpec                                 : loaded 2 times (x 67B)
Class com.google.common.io.ByteSource$EmptyByteSource                                 : loaded 2 times (x 81B)
Class org.objectweb.asm.AnnotationWriter                                              : loaded 2 times (x 75B)
Class com.google.common.cache.CacheStats                                              : loaded 2 times (x 67B)
Class com.google.common.collect.Interners                                             : loaded 2 times (x 67B)
Class com.google.common.io.LineProcessor                                              : loaded 2 times (x 66B)
Class com.google.common.io.Closer$Suppressor                                          : loaded 2 times (x 66B)
Class org.objectweb.asm.RecordComponentWriter                                         : loaded 2 times (x 74B)
Class com.google.common.util.concurrent.AbstractFuture$Listener                       : loaded 2 times (x 68B)
Class com.google.common.base.CharMatcher$Or                                           : loaded 2 times (x 108B)
Class Settings_gradle$1$1                                                             : loaded 2 times (x 70B)
Class org.objectweb.asm.Attribute                                                     : loaded 2 times (x 73B)
Class com.google.common.base.Supplier                                                 : loaded 2 times (x 66B)
Class org.gradle.internal.classloader.VisitableURLClassLoader                         : loaded 2 times (x 113B)
Class org.apache.commons.io.file.PathVisitor                                          : loaded 2 times (x 66B)
Class com.google.common.collect.ImmutableList$SerializedForm                          : loaded 2 times (x 69B)
Class com.google.common.util.concurrent.AbstractFuture$Waiter                         : loaded 2 times (x 68B)
Class Settings_gradle                                                                 : loaded 2 times (x 124B)
Class org.gradle.internal.Cast                                                        : loaded 2 times (x 67B)
Class org.gradle.api.Action                                                           : loaded 2 times (x 66B)
Class com.google.common.collect.MapMakerInternalMap                                   : loaded 2 times (x 157B)
Class com.google.common.collect.HashBiMap                                             : loaded 2 times (x 139B)
Class com.google.common.base.Strings                                                  : loaded 2 times (x 67B)
Class com.google.common.collect.Sets                                                  : loaded 2 times (x 67B)
Class org.objectweb.asm.Handler                                                       : loaded 2 times (x 68B)
Class com.google.common.base.Ticker                                                   : loaded 2 times (x 68B)
Class com.google.common.base.CharMatcher$FastMatcher                                  : loaded 2 times (x 107B)
Class com.google.common.cache.RemovalCause$1                                          : loaded 2 times (x 76B)
Class [Lcom.google.common.cache.LocalCache$Segment;                                   : loaded 2 times (x 65B)
Class [Lcom.google.common.cache.LocalCache$Strength;                                  : loaded 2 times (x 65B)
Class com.google.common.cache.CacheBuilder$1                                          : loaded 2 times (x 81B)
Class com.google.common.collect.ImmutableMap                                          : loaded 2 times (x 116B)
Class com.google.common.base.Predicate                                                : loaded 2 times (x 66B)
Class org.gradle.internal.classpath.DefaultClassPath$ImmutableUniqueList$Builder      : loaded 2 times (x 71B)
Class com.google.common.cache.RemovalCause$2                                          : loaded 2 times (x 76B)
Class com.google.common.collect.MapMakerInternalMap$WeakValueReference                : loaded 2 times (x 66B)
Class com.google.common.collect.AbstractRangeSet                                      : loaded 2 times (x 110B)
Class com.google.common.cache.LocalCache                                              : loaded 2 times (x 183B)
Class com.google.common.cache.CacheBuilder$2                                          : loaded 2 times (x 75B)
Class com.google.common.base.CharMatcher$NegatedFastMatcher                           : loaded 2 times (x 109B)
Class com.google.common.cache.RemovalCause$3                                          : loaded 2 times (x 76B)
Class com.google.common.collect.ArrayListMultimap                                     : loaded 2 times (x 168B)
Class com.google.common.cache.CacheBuilder$3                                          : loaded 2 times (x 68B)
Class [Lcom.google.common.collect.AbstractMapEntry;                                   : loaded 2 times (x 65B)
Class com.google.common.collect.ImmutableEntry                                        : loaded 2 times (x 78B)
Class org.gradle.api.GradleException                                                  : loaded 2 times (x 78B)
Class jdk.internal.jimage.ImageStrings                                                : loaded 2 times (x 66B)
Class com.google.common.cache.RemovalCause$4                                          : loaded 2 times (x 76B)
Class com.google.common.base.Suppliers$MemoizingSupplier                              : loaded 2 times (x 75B)
Class org.apache.commons.io.StandardLineSeparator                                     : loaded 2 times (x 75B)
Class com.google.common.collect.CollectPreconditions                                  : loaded 2 times (x 67B)
Class com.google.common.cache.RemovalCause$5                                          : loaded 2 times (x 76B)
Class [Lcom.google.common.collect.MapMakerInternalMap$Strength;                       : loaded 2 times (x 65B)
Class [Lcom.google.common.io.FileWriteMode;                                           : loaded 2 times (x 65B)
Class com.google.common.collect.Maps$AbstractFilteredMap                              : loaded 2 times (x 123B)
Class com.google.common.collect.SortedMapDifference                                   : loaded 2 times (x 66B)
Class com.google.common.collect.Iterables$4                                           : loaded 2 times (x 77B)
Class com.google.common.collect.MapMakerInternalMap$StrongKeyDummyValueSegment        : loaded 2 times (x 138B)
Class com.google.common.cache.LocalCache$WriteThroughEntry                            : loaded 2 times (x 75B)
Class com.google.common.cache.LocalCache$HashIterator                                 : loaded 2 times (x 82B)
Class com.google.common.io.Files                                                      : loaded 2 times (x 67B)
Class com.google.common.cache.LocalCache$EntryFactory                                 : loaded 2 times (x 79B)
Class [Lcom.google.common.collect.MapMaker$Dummy;                                     : loaded 2 times (x 65B)
Class com.google.common.base.CharMatcher$Whitespace                                   : loaded 2 times (x 108B)
Class com.google.common.collect.Iterables$5                                           : loaded 2 times (x 77B)
Class com.google.common.reflect.Types$NativeTypeVariableEquals                        : loaded 2 times (x 67B)
Class com.google.common.reflect.TypeParameter                                         : loaded 2 times (x 68B)
Class com.google.common.cache.LocalCache$AbstractReferenceEntry                       : loaded 2 times (x 103B)
Class com.google.common.base.Splitter$1$1                                             : loaded 2 times (x 82B)
Class org.gradle.internal.IoActions                                                   : loaded 2 times (x 67B)
Class com.google.common.collect.ImmutableMapKeySet                                    : loaded 2 times (x 148B)
Class com.google.common.collect.ImmutableRangeSet$ComplementRanges                    : loaded 2 times (x 203B)
Class org.objectweb.asm.SymbolTable                                                   : loaded 2 times (x 68B)
Class com.google.common.cache.CacheLoader$InvalidCacheLoadException                   : loaded 2 times (x 78B)
Class com.google.common.collect.ImmutableSet$RegularSetBuilderImpl                    : loaded 2 times (x 73B)
Class org.gradle.internal.classloader.SystemClassLoaderSpec                           : loaded 2 times (x 67B)
Class com.google.common.collect.FluentIterable                                        : loaded 2 times (x 77B)
Class com.google.common.cache.LocalCache$StrongEntry                                  : loaded 2 times (x 104B)
Class com.google.common.util.concurrent.AbstractFuture$TrustedFuture                  : loaded 2 times (x 110B)
Class com.google.common.cache.LoadingCache                                            : loaded 2 times (x 66B)
Class jdk.internal.jrtfs.JrtFileSystem                                                : loaded 2 times (x 98B)
Class com.google.common.io.ByteStreams$LimitedInputStream                             : loaded 2 times (x 88B)
Class com.google.common.base.Suppliers$NonSerializableMemoizingSupplier               : loaded 2 times (x 75B)
Class org.objectweb.asm.MethodWriter                                                  : loaded 2 times (x 102B)
Class [Lcom.google.common.cache.Weigher;                                              : loaded 2 times (x 65B)
Class com.google.common.collect.RegularImmutableMap$BucketOverflowException           : loaded 2 times (x 78B)
Class com.google.common.collect.AbstractMapBasedMultimap$RandomAccessWrappedList      : loaded 2 times (x 201B)
Class com.google.common.collect.AbstractIterator$State                                : loaded 2 times (x 75B)
Class com.google.common.reflect.Types$JavaVersion$1                                   : loaded 2 times (x 79B)
Class com.google.common.collect.RegularImmutableBiMap                                 : loaded 2 times (x 145B)
Class com.google.common.cache.LocalCache$ValueReference                               : loaded 2 times (x 66B)
Class com.google.common.base.CharMatcher$Negated                                      : loaded 2 times (x 109B)
Class com.google.common.base.CharMatcher$Is                                           : loaded 2 times (x 107B)
Class com.google.common.reflect.Types$JavaVersion$2                                   : loaded 2 times (x 79B)
Class com.google.common.reflect.Types                                                 : loaded 2 times (x 67B)
Class com.google.common.hash.PrimitiveSink                                            : loaded 2 times (x 66B)
Class com.google.common.base.PatternCompiler                                          : loaded 2 times (x 66B)
Class com.google.common.util.concurrent.AbstractFuture$Failure                        : loaded 2 times (x 68B)
Class com.google.common.base.Equivalence$Equals                                       : loaded 2 times (x 78B)
Class com.google.common.collect.Hashing                                               : loaded 2 times (x 67B)
Class com.google.common.base.Preconditions                                            : loaded 2 times (x 67B)
Class com.google.common.collect.ImmutableSetMultimap                                  : loaded 2 times (x 176B)
Class com.google.common.io.CharSink                                                   : loaded 2 times (x 75B)
Class [Lorg.apache.commons.io.file.DeleteOption;                                      : loaded 2 times (x 65B)
Class com.google.common.reflect.Types$JavaVersion$3                                   : loaded 2 times (x 79B)
Class com.google.common.base.Joiner$1                                                 : loaded 2 times (x 76B)
Class org.objectweb.asm.Label                                                         : loaded 2 times (x 69B)
Class org.objectweb.asm.CurrentFrame                                                  : loaded 2 times (x 69B)
Class org.objectweb.asm.ClassTooLargeException                                        : loaded 2 times (x 79B)
Class com.google.common.collect.PeekingIterator                                       : loaded 2 times (x 66B)
Class com.google.common.base.CharMatcher                                              : loaded 2 times (x 107B)
Class com.google.common.io.ByteSource$AsCharSource                                    : loaded 2 times (x 82B)
Class com.google.common.collect.MapMakerInternalMap$InternalEntryHelper               : loaded 2 times (x 66B)
Class com.google.common.collect.RangeGwtSerializationDependencies                     : loaded 2 times (x 67B)
Class com.google.common.collect.Table                                                 : loaded 2 times (x 66B)
Class com.google.common.collect.Maps$IteratorBasedAbstractMap                         : loaded 2 times (x 121B)
Class com.google.common.reflect.Types$JavaVersion$4                                   : loaded 2 times (x 79B)
Class com.google.common.base.Joiner$2                                                 : loaded 2 times (x 75B)
Class org.objectweb.asm.Frame                                                         : loaded 2 times (x 69B)
Class org.objectweb.asm.MethodVisitor                                                 : loaded 2 times (x 101B)
Class com.google.common.cache.LocalCache$EntryFactory$1                               : loaded 2 times (x 79B)
Class [Lcom.google.common.cache.RemovalListener;                                      : loaded 2 times (x 65B)
Class com.google.common.base.CharMatcher$1                                            : loaded 2 times (x 109B)
Class com.google.common.base.CharMatcher$NamedFastMatcher                             : loaded 2 times (x 108B)
Class com.google.common.collect.RangeSet                                              : loaded 2 times (x 66B)
Class com.google.common.reflect.Types$JavaVersion$5                                   : loaded 2 times (x 67B)
Class [Lcom.google.common.reflect.Types$ClassOwnership;                               : loaded 2 times (x 65B)
Class com.google.common.cache.LocalCache$EntryFactory$2                               : loaded 2 times (x 79B)
Class org.gradle.api.internal.classpath.GlobalCacheRootsProvider                      : loaded 2 times (x 66B)
Class com.google.common.collect.CollectCollectors                                     : loaded 2 times (x 67B)
Class org.objectweb.asm.ModuleWriter                                                  : loaded 2 times (x 78B)
Class com.google.common.cache.LocalCache$EntryFactory$3                               : loaded 2 times (x 79B)
Class com.google.common.base.Ticker$1                                                 : loaded 2 times (x 68B)
Class com.google.common.collect.Maps$BiMapConverter                                   : loaded 2 times (x 86B)
Class com.google.common.collect.ImmutableMapEntrySet$RegularEntrySet                  : loaded 2 times (x 148B)
Class com.google.common.collect.SetMultimap                                           : loaded 2 times (x 66B)
Class com.google.common.cache.LocalCache$EntryFactory$4                               : loaded 2 times (x 79B)
Class com.google.common.collect.ImmutableSet$Builder                                  : loaded 2 times (x 81B)
Class com.google.common.base.CharMatcher$InRange                                      : loaded 2 times (x 107B)
Class com.google.common.io.ByteStreams$1                                              : loaded 2 times (x 81B)
Class com.google.common.cache.LocalCache$EntryFactory$5                               : loaded 2 times (x 79B)
Class com.google.common.base.PairwiseEquivalence                                      : loaded 2 times (x 79B)
Class org.apache.commons.io.output.AppendableWriter                                   : loaded 2 times (x 96B)
Class com.google.common.cache.LocalCache$EntryFactory$6                               : loaded 2 times (x 79B)
Class org.gradle.internal.installation.CurrentGradleInstallationLocator               : loaded 2 times (x 67B)
Class com.google.common.io.ByteSource$SlicedByteSource                                : loaded 2 times (x 81B)
Class org.apache.commons.io.output.ThresholdingOutputStream                           : loaded 2 times (x 91B)
Class com.google.common.collect.Maps$KeySet                                           : loaded 2 times (x 133B)
Class com.google.common.cache.LocalCache$EntryFactory$7                               : loaded 2 times (x 79B)
Class com.google.common.collect.ImmutableSet$EmptySetBuilderImpl                      : loaded 2 times (x 72B)
Class com.google.common.collect.ImmutableList                                         : loaded 2 times (x 202B)
Class org.gradle.internal.service.DefaultServiceLocator                               : loaded 2 times (x 79B)
Class jdk.internal.jrtfs.JrtDirectoryStream                                           : loaded 2 times (x 85B)
Class com.google.common.cache.LocalCache$SoftValueReference                           : loaded 2 times (x 93B)
Class com.google.common.collect.Maps$EntrySet                                         : loaded 2 times (x 132B)
Class com.google.common.cache.LocalCache$EntryFactory$8                               : loaded 2 times (x 79B)
Class com.google.common.collect.ImmutableSet$SetBuilderImpl                           : loaded 2 times (x 72B)
Class org.gradle.internal.installation.CurrentGradleInstallation                      : loaded 2 times (x 69B)
Class com.google.common.cache.CacheLoader$1                                           : loaded 2 times (x 71B)
Class com.google.common.collect.ForwardingObject                                      : loaded 2 times (x 68B)
Class com.google.common.collect.ImmutableList$SubList                                 : loaded 2 times (x 205B)
Class org.gradle.util.internal.GUtil                                                  : loaded 2 times (x 67B)
Class com.google.common.io.ByteSource                                                 : loaded 2 times (x 80B)
Class com.google.common.util.concurrent.AbstractFuture$SetFuture                      : loaded 2 times (x 71B)
Class com.google.common.cache.AbstractCache$StatsCounter                              : loaded 2 times (x 66B)
Class com.google.common.collect.MapMakerInternalMap$1                                 : loaded 2 times (x 79B)
Class com.google.common.reflect.Types$TypeVariableImpl                                : loaded 2 times (x 68B)
Class com.google.common.collect.Iterators$MergingIterator                             : loaded 2 times (x 77B)
Class com.google.common.collect.RegularImmutableSet                                   : loaded 2 times (x 145B)
Class org.gradle.internal.installation.GradleInstallation                             : loaded 2 times (x 71B)
Class com.google.common.collect.Iterables                                             : loaded 2 times (x 67B)
Class com.google.common.base.Splitter$Strategy                                        : loaded 2 times (x 66B)
Class com.google.common.collect.Lists$RandomAccessReverseList                         : loaded 2 times (x 196B)

---------------  S Y S T E M  ---------------

OS:
 Windows 11 , 64 bit Build 26100 (10.0.26100.7309)
OS uptime: 0 days 1:14 hours

CPU: total 12 (initial active 12) (12 cores per cpu, 2 threads per core) family 25 model 80 stepping 0 microcode 0xa50000c, cx8, cmov, fxsr, ht, mmx, 3dnowpref, sse, sse2, sse3, ssse3, sse4a, sse4.1, sse4.2, popcnt, lzcnt, tsc, tscinvbit, avx, avx2, aes, erms, clmul, bmi1, bmi2, adx, sha, fma, vzeroupper, clflush, clflushopt, rdtscp, rdpid, fsrm, f16c, pku, cet_ss
Processor Information for the first 12 processors :
  Max Mhz: 3301, Current Mhz: 3301, Mhz Limit: 3301

Memory: 4k page, system-wide physical 15754M (463M free)
TotalPageFile size 64906M (AvailPageFile size 0M)
current process WorkingSet (physical memory assigned to process): 371M, peak: 799M
current process commit charge ("private bytes"): 990M, peak: 1025M

vm_info: OpenJDK 64-Bit Server VM (21.0.6+-13368085-b895.109) for windows-amd64 JRE (21.0.6+-13368085-b895.109), built on 2025-04-16T17:01:31Z by "builder" with MS VC++ 16.10 / 16.11 (VS2019)

END.
